<?xml version="1.0" encoding="UTF-8"?>
<gpx version="1.1" creator="rideology2gpx" xmlns="http://www.topografix.com/GPX/1/1" xmlns:ride="urn:rideology2gpx:telemetry:1">
 <metadata><name>From gas station to next gas station - Trip 1</name><desc>GPS positions fitted to wheel speed; approximate reconstructed trajectory.</desc><time>2026-09-28T03:00:00.000Z</time></metadata>
 <wpt lat="-34.508223258" lon="-58.479677489"><time>2026-09-28T03:00:00.000Z</time><name>start</name><desc></desc></wpt>
 <wpt lat="-34.498306000" lon="-58.484074000"><time>2026-09-28T03:07:49.000Z</time><name>end</name><desc></desc></wpt>
 <wpt lat="-34.506960429" lon="-58.479968091"><time>2026-09-28T03:02:46.000Z</time><name>Max speed 60 km/h</name><desc>3846rpm @ 4 gear</desc></wpt>
 <trk><name>From gas station to next gas station - Trip 1</name>
  <trkseg>
   <trkpt lat="-34.508223258" lon="-58.479677489"><time>2026-09-28T03:00:00.000Z</time><extensions><ride:wheel_speed_kmh>0</ride:wheel_speed_kmh><ride:engine_rpm>1104</ride:engine_rpm><ride:gear>N</ride:gear></extensions></trkpt>
   <trkpt lat="-34.508223258" lon="-58.479677489"><time>2026-09-28T03:00:01.000Z</time><extensions><ride:wheel_speed_kmh>0</ride:wheel_speed_kmh><ride:engine_rpm>1104</ride:engine_rpm><ride:gear>N</ride:gear></extensions></trkpt>
   <trkpt lat="-34.508223258" lon="-58.479677489"><time>2026-09-28T03:00:02.000Z</time><extensions><ride:wheel_speed_kmh>0</ride:wheel_speed_kmh><ride:engine_rpm>1104</ride:engine_rpm><ride:gear>N</ride:gear></extensions></trkpt>
   <trkpt lat="-34.508223258" lon="-58.479677489"><time>2026-09-28T03:00:03.000Z</time><extensions><ride:wheel_speed_kmh>0</ride:wheel_speed_kmh><ride:engine_rpm>1104</ride:engine_rpm><ride:gear>N</ride:gear></extensions></trkpt>
   <trkpt lat="-34.508223258" lon="-58.479677489"><time>2026-09-28T03:00:04.000Z</time><extensions><ride:wheel_speed_kmh>0</ride:wheel_speed_kmh><ride:engine_rpm>1104</ride:engine_rpm><ride:gear>N</ride:gear></extensions></trkpt>
   <trkpt lat="-34.508223258" lon="-58.479677489"><time>2026-09-28T03:00:05.000Z</time><extensions><ride:wheel_speed_kmh>0</ride:wheel_speed_kmh><ride:engine_rpm>1104</ride:engine_rpm><ride:gear>N</ride:gear></extensions></trkpt>
   <trkpt lat="-34.508223258" lon="-58.479677489"><time>2026-09-28T03:00:06.000Z</time><extensions><ride:wheel_speed_kmh>0</ride:wheel_speed_kmh><ride:engine_rpm>1104</ride:engine_rpm><ride:gear>N</ride:gear></extensions></trkpt>
   <trkpt lat="-34.508223258" lon="-58.479677489"><time>2026-09-28T03:00:07.000Z</time><extensions><ride:wheel_speed_kmh>0</ride:wheel_speed_kmh><ride:engine_rpm>1104</ride:engine_rpm><ride:gear>N</ride:gear></extensions></trkpt>
   <trkpt lat="-34.508223258" lon="-58.479677489"><time>2026-09-28T03:00:08.000Z</time><extensions><ride:wheel_speed_kmh>0</ride:wheel_speed_kmh><ride:engine_rpm>1104</ride:engine_rpm><ride:gear>N</ride:gear></extensions></trkpt>
   <trkpt lat="-34.508223258" lon="-58.479677489"><time>2026-09-28T03:00:09.000Z</time><extensions><ride:wheel_speed_kmh>0</ride:wheel_speed_kmh><ride:engine_rpm>1104</ride:engine_rpm><ride:gear>N</ride:gear></extensions></trkpt>
   <trkpt lat="-34.508223258" lon="-58.479677489"><time>2026-09-28T03:00:10.000Z</time><extensions><ride:wheel_speed_kmh>0</ride:wheel_speed_kmh><ride:engine_rpm>1104</ride:engine_rpm><ride:gear>N</ride:gear></extensions></trkpt>
   <trkpt lat="-34.508223258" lon="-58.479677489"><time>2026-09-28T03:00:11.000Z</time><extensions><ride:wheel_speed_kmh>0</ride:wheel_speed_kmh><ride:engine_rpm>1104</ride:engine_rpm><ride:gear>N</ride:gear></extensions></trkpt>
   <trkpt lat="-34.508223258" lon="-58.479677489"><time>2026-09-28T03:00:12.000Z</time><extensions><ride:wheel_speed_kmh>0</ride:wheel_speed_kmh><ride:engine_rpm>1104</ride:engine_rpm><ride:gear>N</ride:gear></extensions></trkpt>
   <trkpt lat="-34.508223258" lon="-58.479677489"><time>2026-09-28T03:00:13.000Z</time><extensions><ride:wheel_speed_kmh>0</ride:wheel_speed_kmh><ride:engine_rpm>1104</ride:engine_rpm><ride:gear>N</ride:gear></extensions></trkpt>
   <trkpt lat="-34.508223258" lon="-58.479677489"><time>2026-09-28T03:00:14.000Z</time><extensions><ride:wheel_speed_kmh>0</ride:wheel_speed_kmh><ride:engine_rpm>1104</ride:engine_rpm><ride:gear>N</ride:gear></extensions></trkpt>
   <trkpt lat="-34.508223258" lon="-58.479677489"><time>2026-09-28T03:00:15.000Z</time><extensions><ride:wheel_speed_kmh>0</ride:wheel_speed_kmh><ride:engine_rpm>1104</ride:engine_rpm><ride:gear>N</ride:gear></extensions></trkpt>
   <trkpt lat="-34.508223258" lon="-58.479677489"><time>2026-09-28T03:00:16.000Z</time><extensions><ride:wheel_speed_kmh>0</ride:wheel_speed_kmh><ride:engine_rpm>1104</ride:engine_rpm><ride:gear>N</ride:gear></extensions></trkpt>
   <trkpt lat="-34.508223258" lon="-58.479677489"><time>2026-09-28T03:00:17.000Z</time><extensions><ride:wheel_speed_kmh>0</ride:wheel_speed_kmh><ride:engine_rpm>1104</ride:engine_rpm><ride:gear>N</ride:gear></extensions></trkpt>
   <trkpt lat="-34.508223258" lon="-58.479677489"><time>2026-09-28T03:00:18.000Z</time><extensions><ride:wheel_speed_kmh>0</ride:wheel_speed_kmh><ride:engine_rpm>1104</ride:engine_rpm><ride:gear>N</ride:gear></extensions></trkpt>
   <trkpt lat="-34.508223258" lon="-58.479677489"><time>2026-09-28T03:00:19.000Z</time><extensions><ride:wheel_speed_kmh>0</ride:wheel_speed_kmh><ride:engine_rpm>1104</ride:engine_rpm><ride:gear>N</ride:gear></extensions></trkpt>
   <trkpt lat="-34.508223258" lon="-58.479677489"><time>2026-09-28T03:00:20.000Z</time><extensions><ride:wheel_speed_kmh>0</ride:wheel_speed_kmh><ride:engine_rpm>1104</ride:engine_rpm><ride:gear>N</ride:gear></extensions></trkpt>
   <trkpt lat="-34.508223258" lon="-58.479677489"><time>2026-09-28T03:00:21.000Z</time><extensions><ride:wheel_speed_kmh>0</ride:wheel_speed_kmh><ride:engine_rpm>1104</ride:engine_rpm><ride:gear>N</ride:gear></extensions></trkpt>
   <trkpt lat="-34.508223258" lon="-58.479677489"><time>2026-09-28T03:00:22.000Z</time><extensions><ride:wheel_speed_kmh>0</ride:wheel_speed_kmh><ride:engine_rpm>1104</ride:engine_rpm><ride:gear>N</ride:gear></extensions></trkpt>
   <trkpt lat="-34.508223258" lon="-58.479677489"><time>2026-09-28T03:00:23.000Z</time><extensions><ride:wheel_speed_kmh>0</ride:wheel_speed_kmh><ride:engine_rpm>1104</ride:engine_rpm><ride:gear>N</ride:gear></extensions></trkpt>
   <trkpt lat="-34.508223258" lon="-58.479677489"><time>2026-09-28T03:00:24.000Z</time><extensions><ride:wheel_speed_kmh>0</ride:wheel_speed_kmh><ride:engine_rpm>1104</ride:engine_rpm><ride:gear>N</ride:gear></extensions></trkpt>
   <trkpt lat="-34.508223258" lon="-58.479677489"><time>2026-09-28T03:00:25.000Z</time><extensions><ride:wheel_speed_kmh>0</ride:wheel_speed_kmh><ride:engine_rpm>1104</ride:engine_rpm><ride:gear>N</ride:gear></extensions></trkpt>
   <trkpt lat="-34.508223258" lon="-58.479677489"><time>2026-09-28T03:00:26.000Z</time><extensions><ride:wheel_speed_kmh>0</ride:wheel_speed_kmh><ride:engine_rpm>1104</ride:engine_rpm><ride:gear>N</ride:gear></extensions></trkpt>
   <trkpt lat="-34.508223258" lon="-58.479677489"><time>2026-09-28T03:00:27.000Z</time><extensions><ride:wheel_speed_kmh>0</ride:wheel_speed_kmh><ride:engine_rpm>1104</ride:engine_rpm><ride:gear>N</ride:gear></extensions></trkpt>
   <trkpt lat="-34.508223258" lon="-58.479677489"><time>2026-09-28T03:00:28.000Z</time><extensions><ride:wheel_speed_kmh>0</ride:wheel_speed_kmh><ride:engine_rpm>1104</ride:engine_rpm><ride:gear>N</ride:gear></extensions></trkpt>
   <trkpt lat="-34.508223258" lon="-58.479677489"><time>2026-09-28T03:00:29.000Z</time><extensions><ride:wheel_speed_kmh>0</ride:wheel_speed_kmh><ride:engine_rpm>1104</ride:engine_rpm><ride:gear>N</ride:gear></extensions></trkpt>
   <trkpt lat="-34.508223258" lon="-58.479677489"><time>2026-09-28T03:00:30.000Z</time><extensions><ride:wheel_speed_kmh>0</ride:wheel_speed_kmh><ride:engine_rpm>1104</ride:engine_rpm><ride:gear>N</ride:gear></extensions></trkpt>
   <trkpt lat="-34.508223258" lon="-58.479677489"><time>2026-09-28T03:00:31.000Z</time><extensions><ride:wheel_speed_kmh>0</ride:wheel_speed_kmh><ride:engine_rpm>1104</ride:engine_rpm><ride:gear>N</ride:gear></extensions></trkpt>
   <trkpt lat="-34.508223258" lon="-58.479677489"><time>2026-09-28T03:00:32.000Z</time><extensions><ride:wheel_speed_kmh>0</ride:wheel_speed_kmh><ride:engine_rpm>1104</ride:engine_rpm><ride:gear>N</ride:gear></extensions></trkpt>
   <trkpt lat="-34.508223258" lon="-58.479677489"><time>2026-09-28T03:00:33.000Z</time><extensions><ride:wheel_speed_kmh>0</ride:wheel_speed_kmh><ride:engine_rpm>1104</ride:engine_rpm><ride:gear>N</ride:gear></extensions></trkpt>
   <trkpt lat="-34.508223258" lon="-58.479677489"><time>2026-09-28T03:00:34.000Z</time><extensions><ride:wheel_speed_kmh>0</ride:wheel_speed_kmh><ride:engine_rpm>1104</ride:engine_rpm><ride:gear>N</ride:gear></extensions></trkpt>
   <trkpt lat="-34.508223258" lon="-58.479677489"><time>2026-09-28T03:00:35.000Z</time><extensions><ride:wheel_speed_kmh>0</ride:wheel_speed_kmh><ride:engine_rpm>1104</ride:engine_rpm><ride:gear>N</ride:gear></extensions></trkpt>
   <trkpt lat="-34.508223258" lon="-58.479677489"><time>2026-09-28T03:00:36.000Z</time><extensions><ride:wheel_speed_kmh>0</ride:wheel_speed_kmh><ride:engine_rpm>1104</ride:engine_rpm><ride:gear>N</ride:gear></extensions></trkpt>
   <trkpt lat="-34.508223258" lon="-58.479677489"><time>2026-09-28T03:00:37.000Z</time><extensions><ride:wheel_speed_kmh>0</ride:wheel_speed_kmh><ride:engine_rpm>1104</ride:engine_rpm><ride:gear>N</ride:gear></extensions></trkpt>
   <trkpt lat="-34.508223258" lon="-58.479677489"><time>2026-09-28T03:00:38.000Z</time><extensions><ride:wheel_speed_kmh>0</ride:wheel_speed_kmh><ride:engine_rpm>1104</ride:engine_rpm><ride:gear>N</ride:gear></extensions></trkpt>
   <trkpt lat="-34.508223258" lon="-58.479677489"><time>2026-09-28T03:00:39.000Z</time><extensions><ride:wheel_speed_kmh>0</ride:wheel_speed_kmh><ride:engine_rpm>1104</ride:engine_rpm><ride:gear>N</ride:gear></extensions></trkpt>
   <trkpt lat="-34.508223258" lon="-58.479677489"><time>2026-09-28T03:00:40.000Z</time><extensions><ride:wheel_speed_kmh>0</ride:wheel_speed_kmh><ride:engine_rpm>1104</ride:engine_rpm><ride:gear>N</ride:gear></extensions></trkpt>
   <trkpt lat="-34.508223258" lon="-58.479677489"><time>2026-09-28T03:00:41.000Z</time><extensions><ride:wheel_speed_kmh>0</ride:wheel_speed_kmh><ride:engine_rpm>1104</ride:engine_rpm><ride:gear>N</ride:gear></extensions></trkpt>
   <trkpt lat="-34.508223258" lon="-58.479677489"><time>2026-09-28T03:00:42.000Z</time><extensions><ride:wheel_speed_kmh>0</ride:wheel_speed_kmh><ride:engine_rpm>1104</ride:engine_rpm><ride:gear>N</ride:gear></extensions></trkpt>
   <trkpt lat="-34.508223258" lon="-58.479677489"><time>2026-09-28T03:00:43.000Z</time><extensions><ride:wheel_speed_kmh>0</ride:wheel_speed_kmh><ride:engine_rpm>1104</ride:engine_rpm><ride:gear>N</ride:gear></extensions></trkpt>
   <trkpt lat="-34.508223258" lon="-58.479677489"><time>2026-09-28T03:00:44.000Z</time><extensions><ride:wheel_speed_kmh>0</ride:wheel_speed_kmh><ride:engine_rpm>1104</ride:engine_rpm><ride:gear>N</ride:gear></extensions></trkpt>
   <trkpt lat="-34.508223258" lon="-58.479677489"><time>2026-09-28T03:00:45.000Z</time><extensions><ride:wheel_speed_kmh>0</ride:wheel_speed_kmh><ride:engine_rpm>1104</ride:engine_rpm><ride:gear>N</ride:gear></extensions></trkpt>
   <trkpt lat="-34.508223258" lon="-58.479677489"><time>2026-09-28T03:00:46.000Z</time><extensions><ride:wheel_speed_kmh>0</ride:wheel_speed_kmh><ride:engine_rpm>1104</ride:engine_rpm><ride:gear>N</ride:gear></extensions></trkpt>
   <trkpt lat="-34.508223258" lon="-58.479677489"><time>2026-09-28T03:00:47.000Z</time><extensions><ride:wheel_speed_kmh>0</ride:wheel_speed_kmh><ride:engine_rpm>1104</ride:engine_rpm><ride:gear>N</ride:gear></extensions></trkpt>
   <trkpt lat="-34.508223258" lon="-58.479677489"><time>2026-09-28T03:00:48.000Z</time><extensions><ride:wheel_speed_kmh>0</ride:wheel_speed_kmh><ride:engine_rpm>1104</ride:engine_rpm><ride:gear>N</ride:gear></extensions></trkpt>
   <trkpt lat="-34.508223258" lon="-58.479677489"><time>2026-09-28T03:00:49.000Z</time><extensions><ride:wheel_speed_kmh>0</ride:wheel_speed_kmh><ride:engine_rpm>1104</ride:engine_rpm><ride:gear>N</ride:gear></extensions></trkpt>
   <trkpt lat="-34.508223258" lon="-58.479677489"><time>2026-09-28T03:00:50.000Z</time><extensions><ride:wheel_speed_kmh>0</ride:wheel_speed_kmh><ride:engine_rpm>1104</ride:engine_rpm><ride:gear>N</ride:gear></extensions></trkpt>
   <trkpt lat="-34.508223258" lon="-58.479677489"><time>2026-09-28T03:00:51.000Z</time><extensions><ride:wheel_speed_kmh>0</ride:wheel_speed_kmh><ride:engine_rpm>1104</ride:engine_rpm><ride:gear>N</ride:gear></extensions></trkpt>
   <trkpt lat="-34.508223258" lon="-58.479677489"><time>2026-09-28T03:00:52.000Z</time><extensions><ride:wheel_speed_kmh>0</ride:wheel_speed_kmh><ride:engine_rpm>1104</ride:engine_rpm><ride:gear>N</ride:gear></extensions></trkpt>
   <trkpt lat="-34.508223258" lon="-58.479677489"><time>2026-09-28T03:00:53.000Z</time><extensions><ride:wheel_speed_kmh>0</ride:wheel_speed_kmh><ride:engine_rpm>1149</ride:engine_rpm><ride:gear>N</ride:gear></extensions></trkpt>
   <trkpt lat="-34.508223258" lon="-58.479677489"><time>2026-09-28T03:00:54.000Z</time><extensions><ride:wheel_speed_kmh>0</ride:wheel_speed_kmh><ride:engine_rpm>1219</ride:engine_rpm><ride:gear>N</ride:gear></extensions></trkpt>
   <trkpt lat="-34.508223258" lon="-58.479677489"><time>2026-09-28T03:00:55.000Z</time><extensions><ride:wheel_speed_kmh>0</ride:wheel_speed_kmh><ride:engine_rpm>1219</ride:engine_rpm><ride:gear>N</ride:gear></extensions></trkpt>
   <trkpt lat="-34.508223258" lon="-58.479677489"><time>2026-09-28T03:00:56.000Z</time><extensions><ride:wheel_speed_kmh>0</ride:wheel_speed_kmh><ride:engine_rpm>1219</ride:engine_rpm><ride:gear>N</ride:gear></extensions></trkpt>
   <trkpt lat="-34.508223258" lon="-58.479677489"><time>2026-09-28T03:00:57.000Z</time><extensions><ride:wheel_speed_kmh>0</ride:wheel_speed_kmh><ride:engine_rpm>1219</ride:engine_rpm><ride:gear>N</ride:gear></extensions></trkpt>
   <trkpt lat="-34.508223258" lon="-58.479677489"><time>2026-09-28T03:00:58.000Z</time><extensions><ride:wheel_speed_kmh>0</ride:wheel_speed_kmh><ride:engine_rpm>1219</ride:engine_rpm><ride:gear>N</ride:gear></extensions></trkpt>
   <trkpt lat="-34.508223258" lon="-58.479677489"><time>2026-09-28T03:00:59.000Z</time><extensions><ride:wheel_speed_kmh>0</ride:wheel_speed_kmh><ride:engine_rpm>1219</ride:engine_rpm><ride:gear>N</ride:gear></extensions></trkpt>
   <trkpt lat="-34.508223258" lon="-58.479677489"><time>2026-09-28T03:01:00.000Z</time><extensions><ride:wheel_speed_kmh>0</ride:wheel_speed_kmh><ride:engine_rpm>1219</ride:engine_rpm><ride:gear>N</ride:gear></extensions></trkpt>
   <trkpt lat="-34.508223258" lon="-58.479677489"><time>2026-09-28T03:01:01.000Z</time><extensions><ride:wheel_speed_kmh>0</ride:wheel_speed_kmh><ride:engine_rpm>1219</ride:engine_rpm><ride:gear>N</ride:gear></extensions></trkpt>
   <trkpt lat="-34.508223258" lon="-58.479677489"><time>2026-09-28T03:01:02.000Z</time><extensions><ride:wheel_speed_kmh>0</ride:wheel_speed_kmh><ride:engine_rpm>1219</ride:engine_rpm><ride:gear>N</ride:gear></extensions></trkpt>
   <trkpt lat="-34.508223258" lon="-58.479677489"><time>2026-09-28T03:01:03.000Z</time><extensions><ride:wheel_speed_kmh>0</ride:wheel_speed_kmh><ride:engine_rpm>1219</ride:engine_rpm><ride:gear>N</ride:gear></extensions></trkpt>
   <trkpt lat="-34.508223258" lon="-58.479677489"><time>2026-09-28T03:01:04.000Z</time><extensions><ride:wheel_speed_kmh>0</ride:wheel_speed_kmh><ride:engine_rpm>1219</ride:engine_rpm><ride:gear>N</ride:gear></extensions></trkpt>
   <trkpt lat="-34.508223258" lon="-58.479677489"><time>2026-09-28T03:01:05.000Z</time><extensions><ride:wheel_speed_kmh>0</ride:wheel_speed_kmh><ride:engine_rpm>1220</ride:engine_rpm><ride:gear>N</ride:gear></extensions></trkpt>
   <trkpt lat="-34.508223258" lon="-58.479677489"><time>2026-09-28T03:01:06.000Z</time><extensions><ride:wheel_speed_kmh>0</ride:wheel_speed_kmh><ride:engine_rpm>1226</ride:engine_rpm><ride:gear>N</ride:gear></extensions></trkpt>
   <trkpt lat="-34.508223258" lon="-58.479677489"><time>2026-09-28T03:01:07.000Z</time><extensions><ride:wheel_speed_kmh>0</ride:wheel_speed_kmh><ride:engine_rpm>1226</ride:engine_rpm><ride:gear>N</ride:gear></extensions></trkpt>
   <trkpt lat="-34.508223258" lon="-58.479677489"><time>2026-09-28T03:01:08.000Z</time><extensions><ride:wheel_speed_kmh>0</ride:wheel_speed_kmh><ride:engine_rpm>1226</ride:engine_rpm><ride:gear>N</ride:gear></extensions></trkpt>
   <trkpt lat="-34.508223258" lon="-58.479677489"><time>2026-09-28T03:01:09.000Z</time><extensions><ride:wheel_speed_kmh>0</ride:wheel_speed_kmh><ride:engine_rpm>1226</ride:engine_rpm><ride:gear>N</ride:gear></extensions></trkpt>
   <trkpt lat="-34.508223258" lon="-58.479677489"><time>2026-09-28T03:01:10.000Z</time><extensions><ride:wheel_speed_kmh>0</ride:wheel_speed_kmh><ride:engine_rpm>1226</ride:engine_rpm><ride:gear>N</ride:gear></extensions></trkpt>
   <trkpt lat="-34.508223258" lon="-58.479677489"><time>2026-09-28T03:01:11.000Z</time><extensions><ride:wheel_speed_kmh>0</ride:wheel_speed_kmh><ride:engine_rpm>1226</ride:engine_rpm><ride:gear>N</ride:gear></extensions></trkpt>
   <trkpt lat="-34.508223258" lon="-58.479677489"><time>2026-09-28T03:01:12.000Z</time><extensions><ride:wheel_speed_kmh>0</ride:wheel_speed_kmh><ride:engine_rpm>1226</ride:engine_rpm><ride:gear>N</ride:gear></extensions></trkpt>
   <trkpt lat="-34.508223258" lon="-58.479677489"><time>2026-09-28T03:01:13.000Z</time><extensions><ride:wheel_speed_kmh>0</ride:wheel_speed_kmh><ride:engine_rpm>1226</ride:engine_rpm><ride:gear>N</ride:gear></extensions></trkpt>
   <trkpt lat="-34.508223258" lon="-58.479677489"><time>2026-09-28T03:01:14.000Z</time><extensions><ride:wheel_speed_kmh>0</ride:wheel_speed_kmh><ride:engine_rpm>1226</ride:engine_rpm><ride:gear>N</ride:gear></extensions></trkpt>
   <trkpt lat="-34.508223258" lon="-58.479677489"><time>2026-09-28T03:01:15.000Z</time><extensions><ride:wheel_speed_kmh>0</ride:wheel_speed_kmh><ride:engine_rpm>1226</ride:engine_rpm><ride:gear>N</ride:gear></extensions></trkpt>
   <trkpt lat="-34.508223258" lon="-58.479677489"><time>2026-09-28T03:01:16.000Z</time><extensions><ride:wheel_speed_kmh>0</ride:wheel_speed_kmh><ride:engine_rpm>1226</ride:engine_rpm><ride:gear>N</ride:gear></extensions></trkpt>
   <trkpt lat="-34.508223258" lon="-58.479677489"><time>2026-09-28T03:01:17.000Z</time><extensions><ride:wheel_speed_kmh>0</ride:wheel_speed_kmh><ride:engine_rpm>1226</ride:engine_rpm><ride:gear>N</ride:gear></extensions></trkpt>
   <trkpt lat="-34.508223258" lon="-58.479677489"><time>2026-09-28T03:01:18.000Z</time><extensions><ride:wheel_speed_kmh>0</ride:wheel_speed_kmh><ride:engine_rpm>1226</ride:engine_rpm><ride:gear>N</ride:gear></extensions></trkpt>
   <trkpt lat="-34.508223258" lon="-58.479677489"><time>2026-09-28T03:01:19.000Z</time><extensions><ride:wheel_speed_kmh>0</ride:wheel_speed_kmh><ride:engine_rpm>1239</ride:engine_rpm><ride:gear>N</ride:gear></extensions></trkpt>
   <trkpt lat="-34.508223258" lon="-58.479677489"><time>2026-09-28T03:01:20.000Z</time><extensions><ride:wheel_speed_kmh>0</ride:wheel_speed_kmh><ride:engine_rpm>1240</ride:engine_rpm><ride:gear>N</ride:gear></extensions></trkpt>
   <trkpt lat="-34.508223258" lon="-58.479677489"><time>2026-09-28T03:01:21.000Z</time><extensions><ride:wheel_speed_kmh>0</ride:wheel_speed_kmh><ride:engine_rpm>1240</ride:engine_rpm><ride:gear>N</ride:gear></extensions></trkpt>
   <trkpt lat="-34.508223258" lon="-58.479677489"><time>2026-09-28T03:01:22.000Z</time><extensions><ride:wheel_speed_kmh>0</ride:wheel_speed_kmh><ride:engine_rpm>1240</ride:engine_rpm><ride:gear>N</ride:gear></extensions></trkpt>
   <trkpt lat="-34.508223258" lon="-58.479677489"><time>2026-09-28T03:01:23.000Z</time><extensions><ride:wheel_speed_kmh>0</ride:wheel_speed_kmh><ride:engine_rpm>1240</ride:engine_rpm><ride:gear>N</ride:gear></extensions></trkpt>
   <trkpt lat="-34.508223258" lon="-58.479677489"><time>2026-09-28T03:01:24.000Z</time><extensions><ride:wheel_speed_kmh>0</ride:wheel_speed_kmh><ride:engine_rpm>1240</ride:engine_rpm><ride:gear>N</ride:gear></extensions></trkpt>
   <trkpt lat="-34.508223258" lon="-58.479677489"><time>2026-09-28T03:01:25.000Z</time><extensions><ride:wheel_speed_kmh>0</ride:wheel_speed_kmh><ride:engine_rpm>1240</ride:engine_rpm><ride:gear>N</ride:gear></extensions></trkpt>
   <trkpt lat="-34.508223258" lon="-58.479677489"><time>2026-09-28T03:01:26.000Z</time><extensions><ride:wheel_speed_kmh>0</ride:wheel_speed_kmh><ride:engine_rpm>1240</ride:engine_rpm><ride:gear>N</ride:gear></extensions></trkpt>
   <trkpt lat="-34.508223258" lon="-58.479677489"><time>2026-09-28T03:01:27.000Z</time><extensions><ride:wheel_speed_kmh>0</ride:wheel_speed_kmh><ride:engine_rpm>1240</ride:engine_rpm><ride:gear>N</ride:gear></extensions></trkpt>
   <trkpt lat="-34.508223258" lon="-58.479677489"><time>2026-09-28T03:01:28.000Z</time><extensions><ride:wheel_speed_kmh>0</ride:wheel_speed_kmh><ride:engine_rpm>1240</ride:engine_rpm><ride:gear>N</ride:gear></extensions></trkpt>
   <trkpt lat="-34.508223258" lon="-58.479677489"><time>2026-09-28T03:01:29.000Z</time><extensions><ride:wheel_speed_kmh>0</ride:wheel_speed_kmh><ride:engine_rpm>1240</ride:engine_rpm><ride:gear>N</ride:gear></extensions></trkpt>
   <trkpt lat="-34.508223258" lon="-58.479677489"><time>2026-09-28T03:01:30.000Z</time><extensions><ride:wheel_speed_kmh>0</ride:wheel_speed_kmh><ride:engine_rpm>1240</ride:engine_rpm><ride:gear>N</ride:gear></extensions></trkpt>
   <trkpt lat="-34.508223258" lon="-58.479677489"><time>2026-09-28T03:01:31.000Z</time><extensions><ride:wheel_speed_kmh>0</ride:wheel_speed_kmh><ride:engine_rpm>1240</ride:engine_rpm><ride:gear>N</ride:gear></extensions></trkpt>
   <trkpt lat="-34.508223258" lon="-58.479677489"><time>2026-09-28T03:01:32.000Z</time><extensions><ride:wheel_speed_kmh>0</ride:wheel_speed_kmh><ride:engine_rpm>1240</ride:engine_rpm><ride:gear>N</ride:gear></extensions></trkpt>
   <trkpt lat="-34.508223258" lon="-58.479677489"><time>2026-09-28T03:01:33.000Z</time><extensions><ride:wheel_speed_kmh>0</ride:wheel_speed_kmh><ride:engine_rpm>1240</ride:engine_rpm><ride:gear>N</ride:gear></extensions></trkpt>
   <trkpt lat="-34.508223258" lon="-58.479677489"><time>2026-09-28T03:01:34.000Z</time><extensions><ride:wheel_speed_kmh>0</ride:wheel_speed_kmh><ride:engine_rpm>1240</ride:engine_rpm><ride:gear>N</ride:gear></extensions></trkpt>
   <trkpt lat="-34.508223258" lon="-58.479677489"><time>2026-09-28T03:01:35.000Z</time><extensions><ride:wheel_speed_kmh>0</ride:wheel_speed_kmh><ride:engine_rpm>1240</ride:engine_rpm><ride:gear>N</ride:gear></extensions></trkpt>
   <trkpt lat="-34.508223258" lon="-58.479677489"><time>2026-09-28T03:01:36.000Z</time><extensions><ride:wheel_speed_kmh>0</ride:wheel_speed_kmh><ride:engine_rpm>1240</ride:engine_rpm><ride:gear>N</ride:gear></extensions></trkpt>
   <trkpt lat="-34.508223258" lon="-58.479677489"><time>2026-09-28T03:01:37.000Z</time><extensions><ride:wheel_speed_kmh>0</ride:wheel_speed_kmh><ride:engine_rpm>1240</ride:engine_rpm><ride:gear>N</ride:gear></extensions></trkpt>
   <trkpt lat="-34.508223258" lon="-58.479677489"><time>2026-09-28T03:01:38.000Z</time><extensions><ride:wheel_speed_kmh>0</ride:wheel_speed_kmh><ride:engine_rpm>1240</ride:engine_rpm><ride:gear>N</ride:gear></extensions></trkpt>
   <trkpt lat="-34.508223258" lon="-58.479677489"><time>2026-09-28T03:01:39.000Z</time><extensions><ride:wheel_speed_kmh>0</ride:wheel_speed_kmh><ride:engine_rpm>1240</ride:engine_rpm><ride:gear>N</ride:gear></extensions></trkpt>
   <trkpt lat="-34.508223258" lon="-58.479677489"><time>2026-09-28T03:01:40.000Z</time><extensions><ride:wheel_speed_kmh>0</ride:wheel_speed_kmh><ride:engine_rpm>1240</ride:engine_rpm><ride:gear>N</ride:gear></extensions></trkpt>
   <trkpt lat="-34.508223258" lon="-58.479677489"><time>2026-09-28T03:01:41.000Z</time><extensions><ride:wheel_speed_kmh>0</ride:wheel_speed_kmh><ride:engine_rpm>1240</ride:engine_rpm><ride:gear>N</ride:gear></extensions></trkpt>
   <trkpt lat="-34.508223258" lon="-58.479677489"><time>2026-09-28T03:01:42.000Z</time><extensions><ride:wheel_speed_kmh>0</ride:wheel_speed_kmh><ride:engine_rpm>1240</ride:engine_rpm><ride:gear>N</ride:gear></extensions></trkpt>
   <trkpt lat="-34.508223258" lon="-58.479677489"><time>2026-09-28T03:01:43.000Z</time><extensions><ride:wheel_speed_kmh>0</ride:wheel_speed_kmh><ride:engine_rpm>1240</ride:engine_rpm><ride:gear>N</ride:gear></extensions></trkpt>
   <trkpt lat="-34.508223258" lon="-58.479677489"><time>2026-09-28T03:01:44.000Z</time><extensions><ride:wheel_speed_kmh>0</ride:wheel_speed_kmh><ride:engine_rpm>1240</ride:engine_rpm><ride:gear>N</ride:gear></extensions></trkpt>
   <trkpt lat="-34.508223258" lon="-58.479677489"><time>2026-09-28T03:01:45.000Z</time><extensions><ride:wheel_speed_kmh>0</ride:wheel_speed_kmh><ride:engine_rpm>1240</ride:engine_rpm><ride:gear>N</ride:gear></extensions></trkpt>
   <trkpt lat="-34.508223258" lon="-58.479677489"><time>2026-09-28T03:01:46.000Z</time><extensions><ride:wheel_speed_kmh>0</ride:wheel_speed_kmh><ride:engine_rpm>1240</ride:engine_rpm><ride:gear>N</ride:gear></extensions></trkpt>
   <trkpt lat="-34.508223258" lon="-58.479677489"><time>2026-09-28T03:01:47.000Z</time><extensions><ride:wheel_speed_kmh>0</ride:wheel_speed_kmh><ride:engine_rpm>1240</ride:engine_rpm><ride:gear>N</ride:gear></extensions></trkpt>
   <trkpt lat="-34.508223258" lon="-58.479677489"><time>2026-09-28T03:01:48.000Z</time><extensions><ride:wheel_speed_kmh>0</ride:wheel_speed_kmh><ride:engine_rpm>1240</ride:engine_rpm><ride:gear>1</ride:gear></extensions></trkpt>
   <trkpt lat="-34.508223258" lon="-58.479677489"><time>2026-09-28T03:01:49.000Z</time><extensions><ride:wheel_speed_kmh>0</ride:wheel_speed_kmh><ride:engine_rpm>1242</ride:engine_rpm><ride:gear>1</ride:gear></extensions></trkpt>
   <trkpt lat="-34.508223258" lon="-58.479677489"><time>2026-09-28T03:01:50.000Z</time><extensions><ride:wheel_speed_kmh>0</ride:wheel_speed_kmh><ride:engine_rpm>1341</ride:engine_rpm><ride:gear>1</ride:gear></extensions></trkpt>
   <trkpt lat="-34.508223258" lon="-58.479677489"><time>2026-09-28T03:01:51.000Z</time><extensions><ride:wheel_speed_kmh>0</ride:wheel_speed_kmh><ride:engine_rpm>1151</ride:engine_rpm><ride:gear>1</ride:gear></extensions></trkpt>
   <trkpt lat="-34.508220249" lon="-58.479689052"><time>2026-09-28T03:01:52.000Z</time><extensions><ride:wheel_speed_kmh>4</ride:wheel_speed_kmh><ride:engine_rpm>1067</ride:engine_rpm><ride:gear>1</ride:gear></extensions></trkpt>
   <trkpt lat="-34.508214109" lon="-58.479712263"><time>2026-09-28T03:01:53.000Z</time><extensions><ride:wheel_speed_kmh>8</ride:wheel_speed_kmh><ride:engine_rpm>945</ride:engine_rpm><ride:gear>1</ride:gear></extensions></trkpt>
   <trkpt lat="-34.508198706" lon="-58.479732173"><time>2026-09-28T03:01:54.000Z</time><extensions><ride:wheel_speed_kmh>9</ride:wheel_speed_kmh><ride:engine_rpm>1174</ride:engine_rpm><ride:gear>1</ride:gear></extensions></trkpt>
   <trkpt lat="-34.508218327" lon="-58.479719275"><time>2026-09-28T03:01:55.000Z</time><extensions><ride:wheel_speed_kmh>9</ride:wheel_speed_kmh><ride:engine_rpm>1251</ride:engine_rpm><ride:gear>1</ride:gear></extensions></trkpt>
   <trkpt lat="-34.508237696" lon="-58.479725086"><time>2026-09-28T03:01:56.000Z</time><extensions><ride:wheel_speed_kmh>8</ride:wheel_speed_kmh><ride:engine_rpm>1251</ride:engine_rpm><ride:gear>1</ride:gear></extensions></trkpt>
   <trkpt lat="-34.508258833" lon="-58.479715174"><time>2026-09-28T03:01:57.000Z</time><extensions><ride:wheel_speed_kmh>9</ride:wheel_speed_kmh><ride:engine_rpm>1120</ride:engine_rpm><ride:gear>1</ride:gear></extensions></trkpt>
   <trkpt lat="-34.508280676" lon="-58.479705119"><time>2026-09-28T03:01:58.000Z</time><extensions><ride:wheel_speed_kmh>9</ride:wheel_speed_kmh><ride:engine_rpm>1085</ride:engine_rpm><ride:gear>1</ride:gear></extensions></trkpt>
   <trkpt lat="-34.508303081" lon="-58.479693919"><time>2026-09-28T03:01:59.000Z</time><extensions><ride:wheel_speed_kmh>9</ride:wheel_speed_kmh><ride:engine_rpm>1209</ride:engine_rpm><ride:gear>1</ride:gear></extensions></trkpt>
   <trkpt lat="-34.508324086" lon="-58.479683114"><time>2026-09-28T03:02:00.000Z</time><extensions><ride:wheel_speed_kmh>8</ride:wheel_speed_kmh><ride:engine_rpm>1243</ride:engine_rpm><ride:gear>1</ride:gear></extensions></trkpt>
   <trkpt lat="-34.508343555" lon="-58.479672694"><time>2026-09-28T03:02:01.000Z</time><extensions><ride:wheel_speed_kmh>7</ride:wheel_speed_kmh><ride:engine_rpm>1250</ride:engine_rpm><ride:gear>1</ride:gear></extensions></trkpt>
   <trkpt lat="-34.508356832" lon="-58.479665101"><time>2026-09-28T03:02:02.000Z</time><extensions><ride:wheel_speed_kmh>4</ride:wheel_speed_kmh><ride:engine_rpm>1257</ride:engine_rpm><ride:gear>1</ride:gear></extensions></trkpt>
   <trkpt lat="-34.508356832" lon="-58.479665101"><time>2026-09-28T03:02:03.000Z</time><extensions><ride:wheel_speed_kmh>0</ride:wheel_speed_kmh><ride:engine_rpm>1257</ride:engine_rpm><ride:gear>1</ride:gear></extensions></trkpt>
   <trkpt lat="-34.508356832" lon="-58.479665101"><time>2026-09-28T03:02:04.000Z</time><extensions><ride:wheel_speed_kmh>0</ride:wheel_speed_kmh><ride:engine_rpm>1257</ride:engine_rpm><ride:gear>1</ride:gear></extensions></trkpt>
   <trkpt lat="-34.508356832" lon="-58.479665101"><time>2026-09-28T03:02:05.000Z</time><extensions><ride:wheel_speed_kmh>0</ride:wheel_speed_kmh><ride:engine_rpm>1010</ride:engine_rpm><ride:gear>1</ride:gear></extensions></trkpt>
   <trkpt lat="-34.508371151" lon="-58.479655429"><time>2026-09-28T03:02:06.000Z</time><extensions><ride:wheel_speed_kmh>5</ride:wheel_speed_kmh><ride:engine_rpm>905</ride:engine_rpm><ride:gear>1</ride:gear></extensions></trkpt>
   <trkpt lat="-34.508388075" lon="-58.479640767"><time>2026-09-28T03:02:07.000Z</time><extensions><ride:wheel_speed_kmh>7</ride:wheel_speed_kmh><ride:engine_rpm>1157</ride:engine_rpm><ride:gear>1</ride:gear></extensions></trkpt>
   <trkpt lat="-34.508400852" lon="-58.479625480"><time>2026-09-28T03:02:08.000Z</time><extensions><ride:wheel_speed_kmh>6</ride:wheel_speed_kmh><ride:engine_rpm>1275</ride:engine_rpm><ride:gear>1</ride:gear></extensions></trkpt>
   <trkpt lat="-34.508409673" lon="-58.479610279"><time>2026-09-28T03:02:09.000Z</time><extensions><ride:wheel_speed_kmh>5</ride:wheel_speed_kmh><ride:engine_rpm>1275</ride:engine_rpm><ride:gear>1</ride:gear></extensions></trkpt>
   <trkpt lat="-34.508415574" lon="-58.479596379"><time>2026-09-28T03:02:10.000Z</time><extensions><ride:wheel_speed_kmh>4</ride:wheel_speed_kmh><ride:engine_rpm>1275</ride:engine_rpm><ride:gear>1</ride:gear></extensions></trkpt>
   <trkpt lat="-34.508415574" lon="-58.479596379"><time>2026-09-28T03:02:11.000Z</time><extensions><ride:wheel_speed_kmh>0</ride:wheel_speed_kmh><ride:engine_rpm>1275</ride:engine_rpm><ride:gear>1</ride:gear></extensions></trkpt>
   <trkpt lat="-34.508415574" lon="-58.479596379"><time>2026-09-28T03:02:12.000Z</time><extensions><ride:wheel_speed_kmh>0</ride:wheel_speed_kmh><ride:engine_rpm>1275</ride:engine_rpm><ride:gear>1</ride:gear></extensions></trkpt>
   <trkpt lat="-34.508415574" lon="-58.479596379"><time>2026-09-28T03:02:13.000Z</time><extensions><ride:wheel_speed_kmh>0</ride:wheel_speed_kmh><ride:engine_rpm>1275</ride:engine_rpm><ride:gear>1</ride:gear></extensions></trkpt>
   <trkpt lat="-34.508415574" lon="-58.479596379"><time>2026-09-28T03:02:14.000Z</time><extensions><ride:wheel_speed_kmh>0</ride:wheel_speed_kmh><ride:engine_rpm>1275</ride:engine_rpm><ride:gear>1</ride:gear></extensions></trkpt>
   <trkpt lat="-34.508415574" lon="-58.479596379"><time>2026-09-28T03:02:15.000Z</time><extensions><ride:wheel_speed_kmh>0</ride:wheel_speed_kmh><ride:engine_rpm>1275</ride:engine_rpm><ride:gear>1</ride:gear></extensions></trkpt>
   <trkpt lat="-34.508415574" lon="-58.479596379"><time>2026-09-28T03:02:16.000Z</time><extensions><ride:wheel_speed_kmh>0</ride:wheel_speed_kmh><ride:engine_rpm>1275</ride:engine_rpm><ride:gear>1</ride:gear></extensions></trkpt>
   <trkpt lat="-34.508415574" lon="-58.479596379"><time>2026-09-28T03:02:17.000Z</time><extensions><ride:wheel_speed_kmh>0</ride:wheel_speed_kmh><ride:engine_rpm>1275</ride:engine_rpm><ride:gear>1</ride:gear></extensions></trkpt>
   <trkpt lat="-34.508415574" lon="-58.479596379"><time>2026-09-28T03:02:18.000Z</time><extensions><ride:wheel_speed_kmh>0</ride:wheel_speed_kmh><ride:engine_rpm>1275</ride:engine_rpm><ride:gear>N</ride:gear></extensions></trkpt>
   <trkpt lat="-34.508415574" lon="-58.479596379"><time>2026-09-28T03:02:19.000Z</time><extensions><ride:wheel_speed_kmh>0</ride:wheel_speed_kmh><ride:engine_rpm>1275</ride:engine_rpm><ride:gear>N</ride:gear></extensions></trkpt>
   <trkpt lat="-34.508415574" lon="-58.479596379"><time>2026-09-28T03:02:20.000Z</time><extensions><ride:wheel_speed_kmh>0</ride:wheel_speed_kmh><ride:engine_rpm>1275</ride:engine_rpm><ride:gear>N</ride:gear></extensions></trkpt>
   <trkpt lat="-34.508415574" lon="-58.479596379"><time>2026-09-28T03:02:21.000Z</time><extensions><ride:wheel_speed_kmh>0</ride:wheel_speed_kmh><ride:engine_rpm>1275</ride:engine_rpm><ride:gear>N</ride:gear></extensions></trkpt>
   <trkpt lat="-34.508415574" lon="-58.479596379"><time>2026-09-28T03:02:22.000Z</time><extensions><ride:wheel_speed_kmh>0</ride:wheel_speed_kmh><ride:engine_rpm>1275</ride:engine_rpm><ride:gear>N</ride:gear></extensions></trkpt>
   <trkpt lat="-34.508415574" lon="-58.479596379"><time>2026-09-28T03:02:23.000Z</time><extensions><ride:wheel_speed_kmh>0</ride:wheel_speed_kmh><ride:engine_rpm>1275</ride:engine_rpm><ride:gear>N</ride:gear></extensions></trkpt>
   <trkpt lat="-34.508415574" lon="-58.479596379"><time>2026-09-28T03:02:24.000Z</time><extensions><ride:wheel_speed_kmh>0</ride:wheel_speed_kmh><ride:engine_rpm>1275</ride:engine_rpm><ride:gear>N</ride:gear></extensions></trkpt>
   <trkpt lat="-34.508415574" lon="-58.479596379"><time>2026-09-28T03:02:25.000Z</time><extensions><ride:wheel_speed_kmh>0</ride:wheel_speed_kmh><ride:engine_rpm>1275</ride:engine_rpm><ride:gear>N</ride:gear></extensions></trkpt>
   <trkpt lat="-34.508415574" lon="-58.479596379"><time>2026-09-28T03:02:26.000Z</time><extensions><ride:wheel_speed_kmh>0</ride:wheel_speed_kmh><ride:engine_rpm>1275</ride:engine_rpm><ride:gear>N</ride:gear></extensions></trkpt>
   <trkpt lat="-34.508415574" lon="-58.479596379"><time>2026-09-28T03:02:27.000Z</time><extensions><ride:wheel_speed_kmh>0</ride:wheel_speed_kmh><ride:engine_rpm>1275</ride:engine_rpm><ride:gear>1</ride:gear></extensions></trkpt>
   <trkpt lat="-34.508415574" lon="-58.479596379"><time>2026-09-28T03:02:28.000Z</time><extensions><ride:wheel_speed_kmh>0</ride:wheel_speed_kmh><ride:engine_rpm>1275</ride:engine_rpm><ride:gear>1</ride:gear></extensions></trkpt>
   <trkpt lat="-34.508415574" lon="-58.479596379"><time>2026-09-28T03:02:29.000Z</time><extensions><ride:wheel_speed_kmh>0</ride:wheel_speed_kmh><ride:engine_rpm>1275</ride:engine_rpm><ride:gear>1</ride:gear></extensions></trkpt>
   <trkpt lat="-34.508415574" lon="-58.479596379"><time>2026-09-28T03:02:30.000Z</time><extensions><ride:wheel_speed_kmh>0</ride:wheel_speed_kmh><ride:engine_rpm>2019</ride:engine_rpm><ride:gear>1</ride:gear></extensions></trkpt>
   <trkpt lat="-34.508436943" lon="-58.479543206"><time>2026-09-28T03:02:31.000Z</time><extensions><ride:wheel_speed_kmh>19</ride:wheel_speed_kmh><ride:engine_rpm>2001</ride:engine_rpm><ride:gear>1</ride:gear></extensions></trkpt>
   <trkpt lat="-34.508470723" lon="-58.479479131"><time>2026-09-28T03:02:32.000Z</time><extensions><ride:wheel_speed_kmh>25</ride:wheel_speed_kmh><ride:engine_rpm>2142</ride:engine_rpm><ride:gear>2</ride:gear></extensions></trkpt>
   <trkpt lat="-34.508409030" lon="-58.479439133"><time>2026-09-28T03:02:33.000Z</time><extensions><ride:wheel_speed_kmh>28</ride:wheel_speed_kmh><ride:engine_rpm>2423</ride:engine_rpm><ride:gear>2</ride:gear></extensions></trkpt>
   <trkpt lat="-34.508333153" lon="-58.479458367"><time>2026-09-28T03:02:34.000Z</time><extensions><ride:wheel_speed_kmh>31</ride:wheel_speed_kmh><ride:engine_rpm>2677</ride:engine_rpm><ride:gear>2</ride:gear></extensions></trkpt>
   <trkpt lat="-34.508251171" lon="-58.479474961"><time>2026-09-28T03:02:35.000Z</time><extensions><ride:wheel_speed_kmh>33</ride:wheel_speed_kmh><ride:engine_rpm>2849</ride:engine_rpm><ride:gear>2</ride:gear></extensions></trkpt>
   <trkpt lat="-34.508162376" lon="-58.479499734"><time>2026-09-28T03:02:36.000Z</time><extensions><ride:wheel_speed_kmh>36</ride:wheel_speed_kmh><ride:engine_rpm>3045</ride:engine_rpm><ride:gear>2</ride:gear></extensions></trkpt>
   <trkpt lat="-34.508061942" lon="-58.479532615"><time>2026-09-28T03:02:37.000Z</time><extensions><ride:wheel_speed_kmh>41</ride:wheel_speed_kmh><ride:engine_rpm>3415</ride:engine_rpm><ride:gear>2</ride:gear></extensions></trkpt>
   <trkpt lat="-34.507954866" lon="-58.479572327"><time>2026-09-28T03:02:38.000Z</time><extensions><ride:wheel_speed_kmh>44</ride:wheel_speed_kmh><ride:engine_rpm>3417</ride:engine_rpm><ride:gear>3</ride:gear></extensions></trkpt>
   <trkpt lat="-34.507845807" lon="-58.479616693"><time>2026-09-28T03:02:39.000Z</time><extensions><ride:wheel_speed_kmh>45</ride:wheel_speed_kmh><ride:engine_rpm>3063</ride:engine_rpm><ride:gear>3</ride:gear></extensions></trkpt>
   <trkpt lat="-34.507732327" lon="-58.479666623"><time>2026-09-28T03:02:40.000Z</time><extensions><ride:wheel_speed_kmh>47</ride:wheel_speed_kmh><ride:engine_rpm>3166</ride:engine_rpm><ride:gear>3</ride:gear></extensions></trkpt>
   <trkpt lat="-34.507616392" lon="-58.479720136"><time>2026-09-28T03:02:41.000Z</time><extensions><ride:wheel_speed_kmh>48</ride:wheel_speed_kmh><ride:engine_rpm>3251</ride:engine_rpm><ride:gear>3</ride:gear></extensions></trkpt>
   <trkpt lat="-34.507499046" lon="-58.479772599"><time>2026-09-28T03:02:42.000Z</time><extensions><ride:wheel_speed_kmh>48</ride:wheel_speed_kmh><ride:engine_rpm>3265</ride:engine_rpm><ride:gear>3</ride:gear></extensions></trkpt>
   <trkpt lat="-34.507381948" lon="-58.479820867"><time>2026-09-28T03:02:43.000Z</time><extensions><ride:wheel_speed_kmh>47</ride:wheel_speed_kmh><ride:engine_rpm>3268</ride:engine_rpm><ride:gear>3</ride:gear></extensions></trkpt>
   <trkpt lat="-34.507254576" lon="-58.479868347"><time>2026-09-28T03:02:44.000Z</time><extensions><ride:wheel_speed_kmh>51</ride:wheel_speed_kmh><ride:engine_rpm>3354</ride:engine_rpm><ride:gear>3</ride:gear></extensions></trkpt>
   <trkpt lat="-34.507110050" lon="-58.479918499"><time>2026-09-28T03:02:45.000Z</time><extensions><ride:wheel_speed_kmh>58</ride:wheel_speed_kmh><ride:engine_rpm>3784</ride:engine_rpm><ride:gear>3</ride:gear></extensions></trkpt>
   <trkpt lat="-34.506960429" lon="-58.479968091"><time>2026-09-28T03:02:46.000Z</time><extensions><ride:wheel_speed_kmh>60</ride:wheel_speed_kmh><ride:engine_rpm>3846</ride:engine_rpm><ride:gear>4</ride:gear></extensions></trkpt>
   <trkpt lat="-34.506813099" lon="-58.480016310"><time>2026-09-28T03:02:47.000Z</time><extensions><ride:wheel_speed_kmh>59</ride:wheel_speed_kmh><ride:engine_rpm>3430</ride:engine_rpm><ride:gear>4</ride:gear></extensions></trkpt>
   <trkpt lat="-34.506666039" lon="-58.480066430"><time>2026-09-28T03:02:48.000Z</time><extensions><ride:wheel_speed_kmh>59</ride:wheel_speed_kmh><ride:engine_rpm>3309</ride:engine_rpm><ride:gear>4</ride:gear></extensions></trkpt>
   <trkpt lat="-34.506526615" lon="-58.480116750"><time>2026-09-28T03:02:49.000Z</time><extensions><ride:wheel_speed_kmh>56</ride:wheel_speed_kmh><ride:engine_rpm>3204</ride:engine_rpm><ride:gear>4</ride:gear></extensions></trkpt>
   <trkpt lat="-34.506390031" lon="-58.480168812"><time>2026-09-28T03:02:50.000Z</time><extensions><ride:wheel_speed_kmh>55</ride:wheel_speed_kmh><ride:engine_rpm>3043</ride:engine_rpm><ride:gear>4</ride:gear></extensions></trkpt>
   <trkpt lat="-34.506265800" lon="-58.480218601"><time>2026-09-28T03:02:51.000Z</time><extensions><ride:wheel_speed_kmh>50</ride:wheel_speed_kmh><ride:engine_rpm>2490</ride:engine_rpm><ride:gear>4</ride:gear></extensions></trkpt>
   <trkpt lat="-34.506170230" lon="-58.480257861"><time>2026-09-28T03:02:52.000Z</time><extensions><ride:wheel_speed_kmh>38</ride:wheel_speed_kmh><ride:engine_rpm>1929</ride:engine_rpm><ride:gear>4</ride:gear></extensions></trkpt>
   <trkpt lat="-34.506096096" lon="-58.480287992"><time>2026-09-28T03:02:53.000Z</time><extensions><ride:wheel_speed_kmh>29</ride:wheel_speed_kmh><ride:engine_rpm>1267</ride:engine_rpm><ride:gear>4</ride:gear></extensions></trkpt>
   <trkpt lat="-34.506031795" lon="-58.480313367"><time>2026-09-28T03:02:54.000Z</time><extensions><ride:wheel_speed_kmh>25</ride:wheel_speed_kmh><ride:engine_rpm>1303</ride:engine_rpm><ride:gear>2</ride:gear></extensions></trkpt>
   <trkpt lat="-34.505977607" lon="-58.480334241"><time>2026-09-28T03:02:55.000Z</time><extensions><ride:wheel_speed_kmh>21</ride:wheel_speed_kmh><ride:engine_rpm>1303</ride:engine_rpm><ride:gear>2</ride:gear></extensions></trkpt>
   <trkpt lat="-34.505933923" lon="-58.480351833"><time>2026-09-28T03:02:56.000Z</time><extensions><ride:wheel_speed_kmh>17</ride:wheel_speed_kmh><ride:engine_rpm>1303</ride:engine_rpm><ride:gear>2</ride:gear></extensions></trkpt>
   <trkpt lat="-34.505898457" lon="-58.480367398"><time>2026-09-28T03:02:57.000Z</time><extensions><ride:wheel_speed_kmh>14</ride:wheel_speed_kmh><ride:engine_rpm>1376</ride:engine_rpm><ride:gear>1</ride:gear></extensions></trkpt>
   <trkpt lat="-34.505866505" lon="-58.480383082"><time>2026-09-28T03:02:58.000Z</time><extensions><ride:wheel_speed_kmh>13</ride:wheel_speed_kmh><ride:engine_rpm>1538</ride:engine_rpm><ride:gear>1</ride:gear></extensions></trkpt>
   <trkpt lat="-34.505833192" lon="-58.480400619"><time>2026-09-28T03:02:59.000Z</time><extensions><ride:wheel_speed_kmh>14</ride:wheel_speed_kmh><ride:engine_rpm>1536</ride:engine_rpm><ride:gear>1</ride:gear></extensions></trkpt>
   <trkpt lat="-34.505800494" lon="-58.480418292"><time>2026-09-28T03:03:00.000Z</time><extensions><ride:wheel_speed_kmh>14</ride:wheel_speed_kmh><ride:engine_rpm>1656</ride:engine_rpm><ride:gear>1</ride:gear></extensions></trkpt>
   <trkpt lat="-34.505752632" lon="-58.480445538"><time>2026-09-28T03:03:01.000Z</time><extensions><ride:wheel_speed_kmh>21</ride:wheel_speed_kmh><ride:engine_rpm>2180</ride:engine_rpm><ride:gear>1</ride:gear></extensions></trkpt>
   <trkpt lat="-34.505690702" lon="-58.480491716"><time>2026-09-28T03:03:02.000Z</time><extensions><ride:wheel_speed_kmh>29</ride:wheel_speed_kmh><ride:engine_rpm>3137</ride:engine_rpm><ride:gear>1</ride:gear></extensions></trkpt>
   <trkpt lat="-34.505749334" lon="-58.480426714"><time>2026-09-28T03:03:03.000Z</time><extensions><ride:wheel_speed_kmh>32</ride:wheel_speed_kmh><ride:engine_rpm>3103</ride:engine_rpm><ride:gear>2</ride:gear></extensions></trkpt>
   <trkpt lat="-34.505678555" lon="-58.480503215"><time>2026-09-28T03:03:04.000Z</time><extensions><ride:wheel_speed_kmh>38</ride:wheel_speed_kmh><ride:engine_rpm>3140</ride:engine_rpm><ride:gear>2</ride:gear></extensions></trkpt>
   <trkpt lat="-34.505567378" lon="-58.480484739"><time>2026-09-28T03:03:05.000Z</time><extensions><ride:wheel_speed_kmh>45</ride:wheel_speed_kmh><ride:engine_rpm>3611</ride:engine_rpm><ride:gear>2</ride:gear></extensions></trkpt>
   <trkpt lat="-34.505466887" lon="-58.480545169"><time>2026-09-28T03:03:06.000Z</time><extensions><ride:wheel_speed_kmh>45</ride:wheel_speed_kmh><ride:engine_rpm>3017</ride:engine_rpm><ride:gear>3</ride:gear></extensions></trkpt>
   <trkpt lat="-34.505351820" lon="-58.480573182"><time>2026-09-28T03:03:07.000Z</time><extensions><ride:wheel_speed_kmh>47</ride:wheel_speed_kmh><ride:engine_rpm>3137</ride:engine_rpm><ride:gear>3</ride:gear></extensions></trkpt>
   <trkpt lat="-34.505242523" lon="-58.480617743"><time>2026-09-28T03:03:08.000Z</time><extensions><ride:wheel_speed_kmh>46</ride:wheel_speed_kmh><ride:engine_rpm>3059</ride:engine_rpm><ride:gear>3</ride:gear></extensions></trkpt>
   <trkpt lat="-34.505141566" lon="-58.480655936"><time>2026-09-28T03:03:09.000Z</time><extensions><ride:wheel_speed_kmh>42</ride:wheel_speed_kmh><ride:engine_rpm>2786</ride:engine_rpm><ride:gear>3</ride:gear></extensions></trkpt>
   <trkpt lat="-34.505050173" lon="-58.480691599"><time>2026-09-28T03:03:10.000Z</time><extensions><ride:wheel_speed_kmh>38</ride:wheel_speed_kmh><ride:engine_rpm>2529</ride:engine_rpm><ride:gear>3</ride:gear></extensions></trkpt>
   <trkpt lat="-34.504966691" lon="-58.480727156"><time>2026-09-28T03:03:11.000Z</time><extensions><ride:wheel_speed_kmh>35</ride:wheel_speed_kmh><ride:engine_rpm>2344</ride:engine_rpm><ride:gear>3</ride:gear></extensions></trkpt>
   <trkpt lat="-34.504883815" lon="-58.480763699"><time>2026-09-28T03:03:12.000Z</time><extensions><ride:wheel_speed_kmh>35</ride:wheel_speed_kmh><ride:engine_rpm>2347</ride:engine_rpm><ride:gear>3</ride:gear></extensions></trkpt>
   <trkpt lat="-34.504798755" lon="-58.480800310"><time>2026-09-28T03:03:13.000Z</time><extensions><ride:wheel_speed_kmh>36</ride:wheel_speed_kmh><ride:engine_rpm>2482</ride:engine_rpm><ride:gear>3</ride:gear></extensions></trkpt>
   <trkpt lat="-34.504715123" lon="-58.480840321"><time>2026-09-28T03:03:14.000Z</time><extensions><ride:wheel_speed_kmh>36</ride:wheel_speed_kmh><ride:engine_rpm>2404</ride:engine_rpm><ride:gear>3</ride:gear></extensions></trkpt>
   <trkpt lat="-34.504613808" lon="-58.480855829"><time>2026-09-28T03:03:15.000Z</time><extensions><ride:wheel_speed_kmh>41</ride:wheel_speed_kmh><ride:engine_rpm>2637</ride:engine_rpm><ride:gear>3</ride:gear></extensions></trkpt>
   <trkpt lat="-34.504508700" lon="-58.480910845"><time>2026-09-28T03:03:16.000Z</time><extensions><ride:wheel_speed_kmh>46</ride:wheel_speed_kmh><ride:engine_rpm>3081</ride:engine_rpm><ride:gear>3</ride:gear></extensions></trkpt>
   <trkpt lat="-34.504392154" lon="-58.480924096"><time>2026-09-28T03:03:17.000Z</time><extensions><ride:wheel_speed_kmh>47</ride:wheel_speed_kmh><ride:engine_rpm>3139</ride:engine_rpm><ride:gear>3</ride:gear></extensions></trkpt>
   <trkpt lat="-34.504288579" lon="-58.480977183"><time>2026-09-28T03:03:18.000Z</time><extensions><ride:wheel_speed_kmh>45</ride:wheel_speed_kmh><ride:engine_rpm>3012</ride:engine_rpm><ride:gear>3</ride:gear></extensions></trkpt>
   <trkpt lat="-34.504188391" lon="-58.481026120"><time>2026-09-28T03:03:19.000Z</time><extensions><ride:wheel_speed_kmh>43</ride:wheel_speed_kmh><ride:engine_rpm>2849</ride:engine_rpm><ride:gear>3</ride:gear></extensions></trkpt>
   <trkpt lat="-34.504095763" lon="-58.481075386"><time>2026-09-28T03:03:20.000Z</time><extensions><ride:wheel_speed_kmh>40</ride:wheel_speed_kmh><ride:engine_rpm>2647</ride:engine_rpm><ride:gear>3</ride:gear></extensions></trkpt>
   <trkpt lat="-34.504010681" lon="-58.481124252"><time>2026-09-28T03:03:21.000Z</time><extensions><ride:wheel_speed_kmh>37</ride:wheel_speed_kmh><ride:engine_rpm>2490</ride:engine_rpm><ride:gear>3</ride:gear></extensions></trkpt>
   <trkpt lat="-34.503931124" lon="-58.481174052"><time>2026-09-28T03:03:22.000Z</time><extensions><ride:wheel_speed_kmh>35</ride:wheel_speed_kmh><ride:engine_rpm>2430</ride:engine_rpm><ride:gear>3</ride:gear></extensions></trkpt>
   <trkpt lat="-34.503848001" lon="-58.481229033"><time>2026-09-28T03:03:23.000Z</time><extensions><ride:wheel_speed_kmh>37</ride:wheel_speed_kmh><ride:engine_rpm>2425</ride:engine_rpm><ride:gear>3</ride:gear></extensions></trkpt>
   <trkpt lat="-34.503765806" lon="-58.481286277"><time>2026-09-28T03:03:24.000Z</time><extensions><ride:wheel_speed_kmh>37</ride:wheel_speed_kmh><ride:engine_rpm>2572</ride:engine_rpm><ride:gear>3</ride:gear></extensions></trkpt>
   <trkpt lat="-34.503681964" lon="-58.481346305"><time>2026-09-28T03:03:25.000Z</time><extensions><ride:wheel_speed_kmh>38</ride:wheel_speed_kmh><ride:engine_rpm>2544</ride:engine_rpm><ride:gear>3</ride:gear></extensions></trkpt>
   <trkpt lat="-34.503601718" lon="-58.481402226"><time>2026-09-28T03:03:26.000Z</time><extensions><ride:wheel_speed_kmh>36</ride:wheel_speed_kmh><ride:engine_rpm>2443</ride:engine_rpm><ride:gear>3</ride:gear></extensions></trkpt>
   <trkpt lat="-34.503523588" lon="-58.481457195"><time>2026-09-28T03:03:27.000Z</time><extensions><ride:wheel_speed_kmh>35</ride:wheel_speed_kmh><ride:engine_rpm>2350</ride:engine_rpm><ride:gear>3</ride:gear></extensions></trkpt>
   <trkpt lat="-34.503441027" lon="-58.481515855"><time>2026-09-28T03:03:28.000Z</time><extensions><ride:wheel_speed_kmh>37</ride:wheel_speed_kmh><ride:engine_rpm>2506</ride:engine_rpm><ride:gear>3</ride:gear></extensions></trkpt>
   <trkpt lat="-34.503355376" lon="-58.481572567"><time>2026-09-28T03:03:29.000Z</time><extensions><ride:wheel_speed_kmh>38</ride:wheel_speed_kmh><ride:engine_rpm>2606</ride:engine_rpm><ride:gear>3</ride:gear></extensions></trkpt>
   <trkpt lat="-34.503267590" lon="-58.481622883"><time>2026-09-28T03:03:30.000Z</time><extensions><ride:wheel_speed_kmh>38</ride:wheel_speed_kmh><ride:engine_rpm>2606</ride:engine_rpm><ride:gear>3</ride:gear></extensions></trkpt>
   <trkpt lat="-34.503182261" lon="-58.481663585"><time>2026-09-28T03:03:31.000Z</time><extensions><ride:wheel_speed_kmh>36</ride:wheel_speed_kmh><ride:engine_rpm>2434</ride:engine_rpm><ride:gear>3</ride:gear></extensions></trkpt>
   <trkpt lat="-34.503097227" lon="-58.481694840"><time>2026-09-28T03:03:32.000Z</time><extensions><ride:wheel_speed_kmh>35</ride:wheel_speed_kmh><ride:engine_rpm>2347</ride:engine_rpm><ride:gear>3</ride:gear></extensions></trkpt>
   <trkpt lat="-34.503010686" lon="-58.481717537"><time>2026-09-28T03:03:33.000Z</time><extensions><ride:wheel_speed_kmh>35</ride:wheel_speed_kmh><ride:engine_rpm>2327</ride:engine_rpm><ride:gear>3</ride:gear></extensions></trkpt>
   <trkpt lat="-34.502930927" lon="-58.481732779"><time>2026-09-28T03:03:34.000Z</time><extensions><ride:wheel_speed_kmh>32</ride:wheel_speed_kmh><ride:engine_rpm>2192</ride:engine_rpm><ride:gear>3</ride:gear></extensions></trkpt>
   <trkpt lat="-34.502853466" lon="-58.481742711"><time>2026-09-28T03:03:35.000Z</time><extensions><ride:wheel_speed_kmh>31</ride:wheel_speed_kmh><ride:engine_rpm>2167</ride:engine_rpm><ride:gear>3</ride:gear></extensions></trkpt>
   <trkpt lat="-34.502774488" lon="-58.481727453"><time>2026-09-28T03:03:36.000Z</time><extensions><ride:wheel_speed_kmh>32</ride:wheel_speed_kmh><ride:engine_rpm>2230</ride:engine_rpm><ride:gear>3</ride:gear></extensions></trkpt>
   <trkpt lat="-34.502696752" lon="-58.481793168"><time>2026-09-28T03:03:37.000Z</time><extensions><ride:wheel_speed_kmh>38</ride:wheel_speed_kmh><ride:engine_rpm>2562</ride:engine_rpm><ride:gear>3</ride:gear></extensions></trkpt>
   <trkpt lat="-34.502591517" lon="-58.481768623"><time>2026-09-28T03:03:38.000Z</time><extensions><ride:wheel_speed_kmh>43</ride:wheel_speed_kmh><ride:engine_rpm>2990</ride:engine_rpm><ride:gear>3</ride:gear></extensions></trkpt>
   <trkpt lat="-34.502491570" lon="-58.481815503"><time>2026-09-28T03:03:39.000Z</time><extensions><ride:wheel_speed_kmh>43</ride:wheel_speed_kmh><ride:engine_rpm>2990</ride:engine_rpm><ride:gear>3</ride:gear></extensions></trkpt>
   <trkpt lat="-34.502386402" lon="-58.481842338"><time>2026-09-28T03:03:40.000Z</time><extensions><ride:wheel_speed_kmh>43</ride:wheel_speed_kmh><ride:engine_rpm>2990</ride:engine_rpm><ride:gear>3</ride:gear></extensions></trkpt>
   <trkpt lat="-34.502490083" lon="-58.481811611"><time>2026-09-28T03:03:41.000Z</time><extensions><ride:wheel_speed_kmh>43</ride:wheel_speed_kmh><ride:engine_rpm>2990</ride:engine_rpm><ride:gear>3</ride:gear></extensions></trkpt>
  </trkseg>
  <trkseg>
   <trkpt lat="-34.501720329" lon="-58.481998999"><time>2026-09-28T03:03:47.000Z</time><extensions><ride:wheel_speed_kmh>50</ride:wheel_speed_kmh><ride:engine_rpm>2858</ride:engine_rpm><ride:gear>4</ride:gear></extensions></trkpt>
   <trkpt lat="-34.501598478" lon="-58.482061842"><time>2026-09-28T03:03:48.000Z</time><extensions><ride:wheel_speed_kmh>53</ride:wheel_speed_kmh><ride:engine_rpm>3005</ride:engine_rpm><ride:gear>4</ride:gear></extensions></trkpt>
   <trkpt lat="-34.501461653" lon="-58.482053054"><time>2026-09-28T03:03:49.000Z</time><extensions><ride:wheel_speed_kmh>55</ride:wheel_speed_kmh><ride:engine_rpm>3179</ride:engine_rpm><ride:gear>4</ride:gear></extensions></trkpt>
   <trkpt lat="-34.501373099" lon="-58.482188030"><time>2026-09-28T03:03:50.000Z</time><extensions><ride:wheel_speed_kmh>57</ride:wheel_speed_kmh><ride:engine_rpm>3282</ride:engine_rpm><ride:gear>4</ride:gear></extensions></trkpt>
   <trkpt lat="-34.501240844" lon="-58.482254275"><time>2026-09-28T03:03:51.000Z</time><extensions><ride:wheel_speed_kmh>57</ride:wheel_speed_kmh><ride:engine_rpm>3293</ride:engine_rpm><ride:gear>4</ride:gear></extensions></trkpt>
   <trkpt lat="-34.501116785" lon="-58.482332382"><time>2026-09-28T03:03:52.000Z</time><extensions><ride:wheel_speed_kmh>55</ride:wheel_speed_kmh><ride:engine_rpm>3277</ride:engine_rpm><ride:gear>4</ride:gear></extensions></trkpt>
   <trkpt lat="-34.500992868" lon="-58.482414373"><time>2026-09-28T03:03:53.000Z</time><extensions><ride:wheel_speed_kmh>55</ride:wheel_speed_kmh><ride:engine_rpm>3149</ride:engine_rpm><ride:gear>4</ride:gear></extensions></trkpt>
   <trkpt lat="-34.500870817" lon="-58.482497255"><time>2026-09-28T03:03:54.000Z</time><extensions><ride:wheel_speed_kmh>54</ride:wheel_speed_kmh><ride:engine_rpm>3005</ride:engine_rpm><ride:gear>4</ride:gear></extensions></trkpt>
   <trkpt lat="-34.500756932" lon="-58.482575607"><time>2026-09-28T03:03:55.000Z</time><extensions><ride:wheel_speed_kmh>50</ride:wheel_speed_kmh><ride:engine_rpm>2784</ride:engine_rpm><ride:gear>4</ride:gear></extensions></trkpt>
   <trkpt lat="-34.500651334" lon="-58.482648847"><time>2026-09-28T03:03:56.000Z</time><extensions><ride:wheel_speed_kmh>46</ride:wheel_speed_kmh><ride:engine_rpm>2683</ride:engine_rpm><ride:gear>4</ride:gear></extensions></trkpt>
   <trkpt lat="-34.500545884" lon="-58.482723134"><time>2026-09-28T03:03:57.000Z</time><extensions><ride:wheel_speed_kmh>46</ride:wheel_speed_kmh><ride:engine_rpm>2656</ride:engine_rpm><ride:gear>4</ride:gear></extensions></trkpt>
   <trkpt lat="-34.500436082" lon="-58.482800559"><time>2026-09-28T03:03:58.000Z</time><extensions><ride:wheel_speed_kmh>48</ride:wheel_speed_kmh><ride:engine_rpm>2715</ride:engine_rpm><ride:gear>4</ride:gear></extensions></trkpt>
   <trkpt lat="-34.500326179" lon="-58.482877539"><time>2026-09-28T03:03:59.000Z</time><extensions><ride:wheel_speed_kmh>48</ride:wheel_speed_kmh><ride:engine_rpm>2817</ride:engine_rpm><ride:gear>4</ride:gear></extensions></trkpt>
   <trkpt lat="-34.500211617" lon="-58.482956576"><time>2026-09-28T03:04:00.000Z</time><extensions><ride:wheel_speed_kmh>50</ride:wheel_speed_kmh><ride:engine_rpm>2821</ride:engine_rpm><ride:gear>4</ride:gear></extensions></trkpt>
   <trkpt lat="-34.500103163" lon="-58.483030274"><time>2026-09-28T03:04:01.000Z</time><extensions><ride:wheel_speed_kmh>47</ride:wheel_speed_kmh><ride:engine_rpm>2557</ride:engine_rpm><ride:gear>4</ride:gear></extensions></trkpt>
   <trkpt lat="-34.500009763" lon="-58.483093278"><time>2026-09-28T03:04:02.000Z</time><extensions><ride:wheel_speed_kmh>40</ride:wheel_speed_kmh><ride:engine_rpm>2588</ride:engine_rpm><ride:gear>3</ride:gear></extensions></trkpt>
   <trkpt lat="-34.499925179" lon="-58.483150228"><time>2026-09-28T03:04:03.000Z</time><extensions><ride:wheel_speed_kmh>36</ride:wheel_speed_kmh><ride:engine_rpm>1804</ride:engine_rpm><ride:gear>3</ride:gear></extensions></trkpt>
   <trkpt lat="-34.499849474" lon="-58.483200559"><time>2026-09-28T03:04:04.000Z</time><extensions><ride:wheel_speed_kmh>32</ride:wheel_speed_kmh><ride:engine_rpm>2548</ride:engine_rpm><ride:gear>2</ride:gear></extensions></trkpt>
   <trkpt lat="-34.499787323" lon="-58.483241141"><time>2026-09-28T03:04:05.000Z</time><extensions><ride:wheel_speed_kmh>26</ride:wheel_speed_kmh><ride:engine_rpm>2008</ride:engine_rpm><ride:gear>2</ride:gear></extensions></trkpt>
   <trkpt lat="-34.499739357" lon="-58.483272548"><time>2026-09-28T03:04:06.000Z</time><extensions><ride:wheel_speed_kmh>20</ride:wheel_speed_kmh><ride:engine_rpm>1683</ride:engine_rpm><ride:gear>2</ride:gear></extensions></trkpt>
   <trkpt lat="-34.499690254" lon="-58.483304151"><time>2026-09-28T03:04:07.000Z</time><extensions><ride:wheel_speed_kmh>21</ride:wheel_speed_kmh><ride:engine_rpm>1691</ride:engine_rpm><ride:gear>2</ride:gear></extensions></trkpt>
   <trkpt lat="-34.499630829" lon="-58.483340522"><time>2026-09-28T03:04:08.000Z</time><extensions><ride:wheel_speed_kmh>26</ride:wheel_speed_kmh><ride:engine_rpm>2226</ride:engine_rpm><ride:gear>2</ride:gear></extensions></trkpt>
   <trkpt lat="-34.499551658" lon="-58.483386582"><time>2026-09-28T03:04:09.000Z</time><extensions><ride:wheel_speed_kmh>35</ride:wheel_speed_kmh><ride:engine_rpm>2843</ride:engine_rpm><ride:gear>2</ride:gear></extensions></trkpt>
   <trkpt lat="-34.499455103" lon="-58.483400183"><time>2026-09-28T03:04:10.000Z</time><extensions><ride:wheel_speed_kmh>39</ride:wheel_speed_kmh><ride:engine_rpm>3321</ride:engine_rpm><ride:gear>2</ride:gear></extensions></trkpt>
   <trkpt lat="-34.499415088" lon="-58.483282503"><time>2026-09-28T03:04:11.000Z</time><extensions><ride:wheel_speed_kmh>42</ride:wheel_speed_kmh><ride:engine_rpm>3525</ride:engine_rpm><ride:gear>2</ride:gear></extensions></trkpt>
   <trkpt lat="-34.499372947" lon="-58.483171660"><time>2026-09-28T03:04:12.000Z</time><extensions><ride:wheel_speed_kmh>40</ride:wheel_speed_kmh><ride:engine_rpm>3374</ride:engine_rpm><ride:gear>2</ride:gear></extensions></trkpt>
   <trkpt lat="-34.499334816" lon="-58.483063570"><time>2026-09-28T03:04:13.000Z</time><extensions><ride:wheel_speed_kmh>38</ride:wheel_speed_kmh><ride:engine_rpm>3113</ride:engine_rpm><ride:gear>2</ride:gear></extensions></trkpt>
   <trkpt lat="-34.499304172" lon="-58.482966115"><time>2026-09-28T03:04:14.000Z</time><extensions><ride:wheel_speed_kmh>33</ride:wheel_speed_kmh><ride:engine_rpm>2615</ride:engine_rpm><ride:gear>2</ride:gear></extensions></trkpt>
   <trkpt lat="-34.499281927" lon="-58.482884223"><time>2026-09-28T03:04:15.000Z</time><extensions><ride:wheel_speed_kmh>27</ride:wheel_speed_kmh><ride:engine_rpm>2174</ride:engine_rpm><ride:gear>2</ride:gear></extensions></trkpt>
   <trkpt lat="-34.499265530" lon="-58.482819515"><time>2026-09-28T03:04:16.000Z</time><extensions><ride:wheel_speed_kmh>21</ride:wheel_speed_kmh><ride:engine_rpm>1754</ride:engine_rpm><ride:gear>2</ride:gear></extensions></trkpt>
   <trkpt lat="-34.499248638" lon="-58.482752664"><time>2026-09-28T03:04:17.000Z</time><extensions><ride:wheel_speed_kmh>22</ride:wheel_speed_kmh><ride:engine_rpm>1889</ride:engine_rpm><ride:gear>2</ride:gear></extensions></trkpt>
   <trkpt lat="-34.499228550" lon="-58.482678683"><time>2026-09-28T03:04:18.000Z</time><extensions><ride:wheel_speed_kmh>25</ride:wheel_speed_kmh><ride:engine_rpm>2022</ride:engine_rpm><ride:gear>2</ride:gear></extensions></trkpt>
   <trkpt lat="-34.499205635" lon="-58.482603779"><time>2026-09-28T03:04:19.000Z</time><extensions><ride:wheel_speed_kmh>26</ride:wheel_speed_kmh><ride:engine_rpm>2216</ride:engine_rpm><ride:gear>2</ride:gear></extensions></trkpt>
   <trkpt lat="-34.499173074" lon="-58.482528323"><time>2026-09-28T03:04:20.000Z</time><extensions><ride:wheel_speed_kmh>28</ride:wheel_speed_kmh><ride:engine_rpm>2360</ride:engine_rpm><ride:gear>2</ride:gear></extensions></trkpt>
   <trkpt lat="-34.499148414" lon="-58.482442631"><time>2026-09-28T03:04:21.000Z</time><extensions><ride:wheel_speed_kmh>30</ride:wheel_speed_kmh><ride:engine_rpm>2579</ride:engine_rpm><ride:gear>2</ride:gear></extensions></trkpt>
   <trkpt lat="-34.499068516" lon="-58.482442624"><time>2026-09-28T03:04:22.000Z</time><extensions><ride:wheel_speed_kmh>32</ride:wheel_speed_kmh><ride:engine_rpm>2756</ride:engine_rpm><ride:gear>2</ride:gear></extensions></trkpt>
   <trkpt lat="-34.499005707" lon="-58.482382966"><time>2026-09-28T03:04:23.000Z</time><extensions><ride:wheel_speed_kmh>32</ride:wheel_speed_kmh><ride:engine_rpm>2646</ride:engine_rpm><ride:gear>2</ride:gear></extensions></trkpt>
   <trkpt lat="-34.498930833" lon="-58.482387521"><time>2026-09-28T03:04:24.000Z</time><extensions><ride:wheel_speed_kmh>30</ride:wheel_speed_kmh><ride:engine_rpm>2530</ride:engine_rpm><ride:gear>2</ride:gear></extensions></trkpt>
   <trkpt lat="-34.498860404" lon="-58.482387091"><time>2026-09-28T03:04:25.000Z</time><extensions><ride:wheel_speed_kmh>28</ride:wheel_speed_kmh><ride:engine_rpm>2383</ride:engine_rpm><ride:gear>2</ride:gear></extensions></trkpt>
   <trkpt lat="-34.498792189" lon="-58.482393179"><time>2026-09-28T03:04:26.000Z</time><extensions><ride:wheel_speed_kmh>27</ride:wheel_speed_kmh><ride:engine_rpm>2277</ride:engine_rpm><ride:gear>2</ride:gear></extensions></trkpt>
   <trkpt lat="-34.498728830" lon="-58.482402526"><time>2026-09-28T03:04:27.000Z</time><extensions><ride:wheel_speed_kmh>25</ride:wheel_speed_kmh><ride:engine_rpm>2135</ride:engine_rpm><ride:gear>2</ride:gear></extensions></trkpt>
   <trkpt lat="-34.498665744" lon="-58.482416334"><time>2026-09-28T03:04:28.000Z</time><extensions><ride:wheel_speed_kmh>25</ride:wheel_speed_kmh><ride:engine_rpm>2034</ride:engine_rpm><ride:gear>2</ride:gear></extensions></trkpt>
   <trkpt lat="-34.498607782" lon="-58.482431567"><time>2026-09-28T03:04:29.000Z</time><extensions><ride:wheel_speed_kmh>23</ride:wheel_speed_kmh><ride:engine_rpm>2005</ride:engine_rpm><ride:gear>2</ride:gear></extensions></trkpt>
   <trkpt lat="-34.498552756" lon="-58.482448541"><time>2026-09-28T03:04:30.000Z</time><extensions><ride:wheel_speed_kmh>22</ride:wheel_speed_kmh><ride:engine_rpm>1842</ride:engine_rpm><ride:gear>2</ride:gear></extensions></trkpt>
   <trkpt lat="-34.498505373" lon="-58.482463978"><time>2026-09-28T03:04:31.000Z</time><extensions><ride:wheel_speed_kmh>19</ride:wheel_speed_kmh><ride:engine_rpm>1661</ride:engine_rpm><ride:gear>2</ride:gear></extensions></trkpt>
   <trkpt lat="-34.498453676" lon="-58.482481161"><time>2026-09-28T03:04:32.000Z</time><extensions><ride:wheel_speed_kmh>21</ride:wheel_speed_kmh><ride:engine_rpm>1852</ride:engine_rpm><ride:gear>2</ride:gear></extensions></trkpt>
   <trkpt lat="-34.498397838" lon="-58.482500525"><time>2026-09-28T03:04:33.000Z</time><extensions><ride:wheel_speed_kmh>23</ride:wheel_speed_kmh><ride:engine_rpm>2052</ride:engine_rpm><ride:gear>2</ride:gear></extensions></trkpt>
   <trkpt lat="-34.498337200" lon="-58.482519482"><time>2026-09-28T03:04:34.000Z</time><extensions><ride:wheel_speed_kmh>25</ride:wheel_speed_kmh><ride:engine_rpm>2170</ride:engine_rpm><ride:gear>2</ride:gear></extensions></trkpt>
   <trkpt lat="-34.498285217" lon="-58.482600785"><time>2026-09-28T03:04:35.000Z</time><extensions><ride:wheel_speed_kmh>34</ride:wheel_speed_kmh><ride:engine_rpm>2669</ride:engine_rpm><ride:gear>2</ride:gear></extensions></trkpt>
   <trkpt lat="-34.498201580" lon="-58.482534442"><time>2026-09-28T03:04:36.000Z</time><extensions><ride:wheel_speed_kmh>40</ride:wheel_speed_kmh><ride:engine_rpm>3354</ride:engine_rpm><ride:gear>2</ride:gear></extensions></trkpt>
   <trkpt lat="-34.498214653" lon="-58.482654422"><time>2026-09-28T03:04:37.000Z</time><extensions><ride:wheel_speed_kmh>40</ride:wheel_speed_kmh><ride:engine_rpm>3406</ride:engine_rpm><ride:gear>2</ride:gear></extensions></trkpt>
   <trkpt lat="-34.498195746" lon="-58.482764010"><time>2026-09-28T03:04:38.000Z</time><extensions><ride:wheel_speed_kmh>37</ride:wheel_speed_kmh><ride:engine_rpm>2958</ride:engine_rpm><ride:gear>2</ride:gear></extensions></trkpt>
   <trkpt lat="-34.498222283" lon="-58.482856196"><time>2026-09-28T03:04:39.000Z</time><extensions><ride:wheel_speed_kmh>32</ride:wheel_speed_kmh><ride:engine_rpm>2613</ride:engine_rpm><ride:gear>2</ride:gear></extensions></trkpt>
   <trkpt lat="-34.498244547" lon="-58.482943178"><time>2026-09-28T03:04:40.000Z</time><extensions><ride:wheel_speed_kmh>29</ride:wheel_speed_kmh><ride:engine_rpm>2525</ride:engine_rpm><ride:gear>2</ride:gear></extensions></trkpt>
   <trkpt lat="-34.498273500" lon="-58.483036450"><time>2026-09-28T03:04:41.000Z</time><extensions><ride:wheel_speed_kmh>31</ride:wheel_speed_kmh><ride:engine_rpm>2646</ride:engine_rpm><ride:gear>2</ride:gear></extensions></trkpt>
   <trkpt lat="-34.498309089" lon="-58.483132667"><time>2026-09-28T03:04:42.000Z</time><extensions><ride:wheel_speed_kmh>32</ride:wheel_speed_kmh><ride:engine_rpm>2694</ride:engine_rpm><ride:gear>2</ride:gear></extensions></trkpt>
   <trkpt lat="-34.498348873" lon="-58.483226021"><time>2026-09-28T03:04:43.000Z</time><extensions><ride:wheel_speed_kmh>31</ride:wheel_speed_kmh><ride:engine_rpm>2567</ride:engine_rpm><ride:gear>2</ride:gear></extensions></trkpt>
   <trkpt lat="-34.498390457" lon="-58.483313902"><time>2026-09-28T03:04:44.000Z</time><extensions><ride:wheel_speed_kmh>29</ride:wheel_speed_kmh><ride:engine_rpm>2441</ride:engine_rpm><ride:gear>2</ride:gear></extensions></trkpt>
   <trkpt lat="-34.498432553" lon="-58.483396493"><time>2026-09-28T03:04:45.000Z</time><extensions><ride:wheel_speed_kmh>27</ride:wheel_speed_kmh><ride:engine_rpm>2216</ride:engine_rpm><ride:gear>2</ride:gear></extensions></trkpt>
   <trkpt lat="-34.498471267" lon="-58.483468903"><time>2026-09-28T03:04:46.000Z</time><extensions><ride:wheel_speed_kmh>23</ride:wheel_speed_kmh><ride:engine_rpm>1954</ride:engine_rpm><ride:gear>2</ride:gear></extensions></trkpt>
   <trkpt lat="-34.498505586" lon="-58.483531192"><time>2026-09-28T03:04:47.000Z</time><extensions><ride:wheel_speed_kmh>19</ride:wheel_speed_kmh><ride:engine_rpm>1687</ride:engine_rpm><ride:gear>2</ride:gear></extensions></trkpt>
   <trkpt lat="-34.498539050" lon="-58.483590776"><time>2026-09-28T03:04:48.000Z</time><extensions><ride:wheel_speed_kmh>18</ride:wheel_speed_kmh><ride:engine_rpm>1520</ride:engine_rpm><ride:gear>2</ride:gear></extensions></trkpt>
   <trkpt lat="-34.498566991" lon="-58.483639950"><time>2026-09-28T03:04:49.000Z</time><extensions><ride:wheel_speed_kmh>14</ride:wheel_speed_kmh><ride:engine_rpm>1216</ride:engine_rpm><ride:gear>2</ride:gear></extensions></trkpt>
   <trkpt lat="-34.498590465" lon="-58.483681011"><time>2026-09-28T03:04:50.000Z</time><extensions><ride:wheel_speed_kmh>11</ride:wheel_speed_kmh><ride:engine_rpm>1184</ride:engine_rpm><ride:gear>1</ride:gear></extensions></trkpt>
   <trkpt lat="-34.498607642" lon="-58.483711370"><time>2026-09-28T03:04:51.000Z</time><extensions><ride:wheel_speed_kmh>7</ride:wheel_speed_kmh><ride:engine_rpm>1184</ride:engine_rpm><ride:gear>1</ride:gear></extensions></trkpt>
   <trkpt lat="-34.498607642" lon="-58.483711370"><time>2026-09-28T03:04:52.000Z</time><extensions><ride:wheel_speed_kmh>0</ride:wheel_speed_kmh><ride:engine_rpm>1471</ride:engine_rpm><ride:gear>1</ride:gear></extensions></trkpt>
   <trkpt lat="-34.498607642" lon="-58.483711370"><time>2026-09-28T03:04:53.000Z</time><extensions><ride:wheel_speed_kmh>0</ride:wheel_speed_kmh><ride:engine_rpm>1621</ride:engine_rpm><ride:gear>1</ride:gear></extensions></trkpt>
   <trkpt lat="-34.498607642" lon="-58.483711370"><time>2026-09-28T03:04:54.000Z</time><extensions><ride:wheel_speed_kmh>0</ride:wheel_speed_kmh><ride:engine_rpm>1529</ride:engine_rpm><ride:gear>1</ride:gear></extensions></trkpt>
   <trkpt lat="-34.498607642" lon="-58.483711370"><time>2026-09-28T03:04:55.000Z</time><extensions><ride:wheel_speed_kmh>0</ride:wheel_speed_kmh><ride:engine_rpm>1303</ride:engine_rpm><ride:gear>1</ride:gear></extensions></trkpt>
   <trkpt lat="-34.498607642" lon="-58.483711370"><time>2026-09-28T03:04:56.000Z</time><extensions><ride:wheel_speed_kmh>0</ride:wheel_speed_kmh><ride:engine_rpm>1257</ride:engine_rpm><ride:gear>N</ride:gear></extensions></trkpt>
   <trkpt lat="-34.498607642" lon="-58.483711370"><time>2026-09-28T03:04:57.000Z</time><extensions><ride:wheel_speed_kmh>0</ride:wheel_speed_kmh><ride:engine_rpm>1179</ride:engine_rpm><ride:gear>N</ride:gear></extensions></trkpt>
   <trkpt lat="-34.498607642" lon="-58.483711370"><time>2026-09-28T03:04:58.000Z</time><extensions><ride:wheel_speed_kmh>0</ride:wheel_speed_kmh><ride:engine_rpm>1179</ride:engine_rpm><ride:gear>N</ride:gear></extensions></trkpt>
   <trkpt lat="-34.498607642" lon="-58.483711370"><time>2026-09-28T03:04:59.000Z</time><extensions><ride:wheel_speed_kmh>0</ride:wheel_speed_kmh><ride:engine_rpm>1179</ride:engine_rpm><ride:gear>N</ride:gear></extensions></trkpt>
   <trkpt lat="-34.498607642" lon="-58.483711370"><time>2026-09-28T03:05:00.000Z</time><extensions><ride:wheel_speed_kmh>0</ride:wheel_speed_kmh><ride:engine_rpm>1179</ride:engine_rpm><ride:gear>N</ride:gear></extensions></trkpt>
   <trkpt lat="-34.498607642" lon="-58.483711370"><time>2026-09-28T03:05:01.000Z</time><extensions><ride:wheel_speed_kmh>0</ride:wheel_speed_kmh><ride:engine_rpm>1179</ride:engine_rpm><ride:gear>N</ride:gear></extensions></trkpt>
   <trkpt lat="-34.498607642" lon="-58.483711370"><time>2026-09-28T03:05:02.000Z</time><extensions><ride:wheel_speed_kmh>0</ride:wheel_speed_kmh><ride:engine_rpm>1179</ride:engine_rpm><ride:gear>N</ride:gear></extensions></trkpt>
   <trkpt lat="-34.498607642" lon="-58.483711370"><time>2026-09-28T03:05:03.000Z</time><extensions><ride:wheel_speed_kmh>0</ride:wheel_speed_kmh><ride:engine_rpm>1179</ride:engine_rpm><ride:gear>N</ride:gear></extensions></trkpt>
   <trkpt lat="-34.498607642" lon="-58.483711370"><time>2026-09-28T03:05:04.000Z</time><extensions><ride:wheel_speed_kmh>0</ride:wheel_speed_kmh><ride:engine_rpm>1179</ride:engine_rpm><ride:gear>N</ride:gear></extensions></trkpt>
   <trkpt lat="-34.498607642" lon="-58.483711370"><time>2026-09-28T03:05:05.000Z</time><extensions><ride:wheel_speed_kmh>0</ride:wheel_speed_kmh><ride:engine_rpm>1179</ride:engine_rpm><ride:gear>N</ride:gear></extensions></trkpt>
   <trkpt lat="-34.498607642" lon="-58.483711370"><time>2026-09-28T03:05:06.000Z</time><extensions><ride:wheel_speed_kmh>0</ride:wheel_speed_kmh><ride:engine_rpm>1179</ride:engine_rpm><ride:gear>N</ride:gear></extensions></trkpt>
   <trkpt lat="-34.498607642" lon="-58.483711370"><time>2026-09-28T03:05:07.000Z</time><extensions><ride:wheel_speed_kmh>0</ride:wheel_speed_kmh><ride:engine_rpm>1179</ride:engine_rpm><ride:gear>N</ride:gear></extensions></trkpt>
   <trkpt lat="-34.498607642" lon="-58.483711370"><time>2026-09-28T03:05:08.000Z</time><extensions><ride:wheel_speed_kmh>0</ride:wheel_speed_kmh><ride:engine_rpm>1179</ride:engine_rpm><ride:gear>N</ride:gear></extensions></trkpt>
   <trkpt lat="-34.498607642" lon="-58.483711370"><time>2026-09-28T03:05:09.000Z</time><extensions><ride:wheel_speed_kmh>0</ride:wheel_speed_kmh><ride:engine_rpm>1179</ride:engine_rpm><ride:gear>N</ride:gear></extensions></trkpt>
   <trkpt lat="-34.498607642" lon="-58.483711370"><time>2026-09-28T03:05:10.000Z</time><extensions><ride:wheel_speed_kmh>0</ride:wheel_speed_kmh><ride:engine_rpm>1179</ride:engine_rpm><ride:gear>N</ride:gear></extensions></trkpt>
   <trkpt lat="-34.498607642" lon="-58.483711370"><time>2026-09-28T03:05:11.000Z</time><extensions><ride:wheel_speed_kmh>0</ride:wheel_speed_kmh><ride:engine_rpm>1179</ride:engine_rpm><ride:gear>N</ride:gear></extensions></trkpt>
   <trkpt lat="-34.498607642" lon="-58.483711370"><time>2026-09-28T03:05:12.000Z</time><extensions><ride:wheel_speed_kmh>0</ride:wheel_speed_kmh><ride:engine_rpm>1179</ride:engine_rpm><ride:gear>N</ride:gear></extensions></trkpt>
   <trkpt lat="-34.498607642" lon="-58.483711370"><time>2026-09-28T03:05:13.000Z</time><extensions><ride:wheel_speed_kmh>0</ride:wheel_speed_kmh><ride:engine_rpm>1179</ride:engine_rpm><ride:gear>N</ride:gear></extensions></trkpt>
   <trkpt lat="-34.498607642" lon="-58.483711370"><time>2026-09-28T03:05:14.000Z</time><extensions><ride:wheel_speed_kmh>0</ride:wheel_speed_kmh><ride:engine_rpm>1179</ride:engine_rpm><ride:gear>N</ride:gear></extensions></trkpt>
   <trkpt lat="-34.498607642" lon="-58.483711370"><time>2026-09-28T03:05:15.000Z</time><extensions><ride:wheel_speed_kmh>0</ride:wheel_speed_kmh><ride:engine_rpm>1179</ride:engine_rpm><ride:gear>N</ride:gear></extensions></trkpt>
   <trkpt lat="-34.498607642" lon="-58.483711370"><time>2026-09-28T03:05:16.000Z</time><extensions><ride:wheel_speed_kmh>0</ride:wheel_speed_kmh><ride:engine_rpm>1179</ride:engine_rpm><ride:gear>N</ride:gear></extensions></trkpt>
   <trkpt lat="-34.498607642" lon="-58.483711370"><time>2026-09-28T03:05:17.000Z</time><extensions><ride:wheel_speed_kmh>0</ride:wheel_speed_kmh><ride:engine_rpm>1179</ride:engine_rpm><ride:gear>N</ride:gear></extensions></trkpt>
   <trkpt lat="-34.498607642" lon="-58.483711370"><time>2026-09-28T03:05:18.000Z</time><extensions><ride:wheel_speed_kmh>0</ride:wheel_speed_kmh><ride:engine_rpm>1179</ride:engine_rpm><ride:gear>N</ride:gear></extensions></trkpt>
   <trkpt lat="-34.498607642" lon="-58.483711370"><time>2026-09-28T03:05:19.000Z</time><extensions><ride:wheel_speed_kmh>0</ride:wheel_speed_kmh><ride:engine_rpm>1179</ride:engine_rpm><ride:gear>N</ride:gear></extensions></trkpt>
   <trkpt lat="-34.498607642" lon="-58.483711370"><time>2026-09-28T03:05:20.000Z</time><extensions><ride:wheel_speed_kmh>0</ride:wheel_speed_kmh><ride:engine_rpm>1179</ride:engine_rpm><ride:gear>N</ride:gear></extensions></trkpt>
   <trkpt lat="-34.498607642" lon="-58.483711370"><time>2026-09-28T03:05:21.000Z</time><extensions><ride:wheel_speed_kmh>0</ride:wheel_speed_kmh><ride:engine_rpm>1179</ride:engine_rpm><ride:gear>N</ride:gear></extensions></trkpt>
   <trkpt lat="-34.498607642" lon="-58.483711370"><time>2026-09-28T03:05:22.000Z</time><extensions><ride:wheel_speed_kmh>0</ride:wheel_speed_kmh><ride:engine_rpm>1179</ride:engine_rpm><ride:gear>N</ride:gear></extensions></trkpt>
   <trkpt lat="-34.498607642" lon="-58.483711370"><time>2026-09-28T03:05:23.000Z</time><extensions><ride:wheel_speed_kmh>0</ride:wheel_speed_kmh><ride:engine_rpm>1179</ride:engine_rpm><ride:gear>N</ride:gear></extensions></trkpt>
   <trkpt lat="-34.498607642" lon="-58.483711370"><time>2026-09-28T03:05:24.000Z</time><extensions><ride:wheel_speed_kmh>0</ride:wheel_speed_kmh><ride:engine_rpm>1179</ride:engine_rpm><ride:gear>N</ride:gear></extensions></trkpt>
   <trkpt lat="-34.498607642" lon="-58.483711370"><time>2026-09-28T03:05:25.000Z</time><extensions><ride:wheel_speed_kmh>0</ride:wheel_speed_kmh><ride:engine_rpm>1179</ride:engine_rpm><ride:gear>N</ride:gear></extensions></trkpt>
   <trkpt lat="-34.498607642" lon="-58.483711370"><time>2026-09-28T03:05:26.000Z</time><extensions><ride:wheel_speed_kmh>0</ride:wheel_speed_kmh><ride:engine_rpm>1179</ride:engine_rpm><ride:gear>N</ride:gear></extensions></trkpt>
   <trkpt lat="-34.498607642" lon="-58.483711370"><time>2026-09-28T03:05:27.000Z</time><extensions><ride:wheel_speed_kmh>0</ride:wheel_speed_kmh><ride:engine_rpm>1179</ride:engine_rpm><ride:gear>N</ride:gear></extensions></trkpt>
   <trkpt lat="-34.498607642" lon="-58.483711370"><time>2026-09-28T03:05:28.000Z</time><extensions><ride:wheel_speed_kmh>0</ride:wheel_speed_kmh><ride:engine_rpm>1179</ride:engine_rpm><ride:gear>N</ride:gear></extensions></trkpt>
   <trkpt lat="-34.498607642" lon="-58.483711370"><time>2026-09-28T03:05:29.000Z</time><extensions><ride:wheel_speed_kmh>0</ride:wheel_speed_kmh><ride:engine_rpm>1179</ride:engine_rpm><ride:gear>N</ride:gear></extensions></trkpt>
   <trkpt lat="-34.498607642" lon="-58.483711370"><time>2026-09-28T03:05:30.000Z</time><extensions><ride:wheel_speed_kmh>0</ride:wheel_speed_kmh><ride:engine_rpm>1179</ride:engine_rpm><ride:gear>N</ride:gear></extensions></trkpt>
   <trkpt lat="-34.498607642" lon="-58.483711370"><time>2026-09-28T03:05:31.000Z</time><extensions><ride:wheel_speed_kmh>0</ride:wheel_speed_kmh><ride:engine_rpm>1179</ride:engine_rpm><ride:gear>N</ride:gear></extensions></trkpt>
   <trkpt lat="-34.498607642" lon="-58.483711370"><time>2026-09-28T03:05:32.000Z</time><extensions><ride:wheel_speed_kmh>0</ride:wheel_speed_kmh><ride:engine_rpm>1179</ride:engine_rpm><ride:gear>N</ride:gear></extensions></trkpt>
   <trkpt lat="-34.498607642" lon="-58.483711370"><time>2026-09-28T03:05:33.000Z</time><extensions><ride:wheel_speed_kmh>0</ride:wheel_speed_kmh><ride:engine_rpm>1179</ride:engine_rpm><ride:gear>N</ride:gear></extensions></trkpt>
   <trkpt lat="-34.498607642" lon="-58.483711370"><time>2026-09-28T03:05:34.000Z</time><extensions><ride:wheel_speed_kmh>0</ride:wheel_speed_kmh><ride:engine_rpm>1179</ride:engine_rpm><ride:gear>N</ride:gear></extensions></trkpt>
   <trkpt lat="-34.498607642" lon="-58.483711370"><time>2026-09-28T03:05:35.000Z</time><extensions><ride:wheel_speed_kmh>0</ride:wheel_speed_kmh><ride:engine_rpm>1179</ride:engine_rpm><ride:gear>N</ride:gear></extensions></trkpt>
   <trkpt lat="-34.498607642" lon="-58.483711370"><time>2026-09-28T03:05:36.000Z</time><extensions><ride:wheel_speed_kmh>0</ride:wheel_speed_kmh><ride:engine_rpm>1179</ride:engine_rpm><ride:gear>N</ride:gear></extensions></trkpt>
   <trkpt lat="-34.498607642" lon="-58.483711370"><time>2026-09-28T03:05:37.000Z</time><extensions><ride:wheel_speed_kmh>0</ride:wheel_speed_kmh><ride:engine_rpm>1179</ride:engine_rpm><ride:gear>N</ride:gear></extensions></trkpt>
   <trkpt lat="-34.498607642" lon="-58.483711370"><time>2026-09-28T03:05:38.000Z</time><extensions><ride:wheel_speed_kmh>0</ride:wheel_speed_kmh><ride:engine_rpm>1179</ride:engine_rpm><ride:gear>N</ride:gear></extensions></trkpt>
   <trkpt lat="-34.498607642" lon="-58.483711370"><time>2026-09-28T03:05:39.000Z</time><extensions><ride:wheel_speed_kmh>0</ride:wheel_speed_kmh><ride:engine_rpm>1179</ride:engine_rpm><ride:gear>N</ride:gear></extensions></trkpt>
   <trkpt lat="-34.498607642" lon="-58.483711370"><time>2026-09-28T03:05:40.000Z</time><extensions><ride:wheel_speed_kmh>0</ride:wheel_speed_kmh><ride:engine_rpm>1179</ride:engine_rpm><ride:gear>N</ride:gear></extensions></trkpt>
   <trkpt lat="-34.498607642" lon="-58.483711370"><time>2026-09-28T03:05:41.000Z</time><extensions><ride:wheel_speed_kmh>0</ride:wheel_speed_kmh><ride:engine_rpm>1179</ride:engine_rpm><ride:gear>N</ride:gear></extensions></trkpt>
   <trkpt lat="-34.498607642" lon="-58.483711370"><time>2026-09-28T03:05:42.000Z</time><extensions><ride:wheel_speed_kmh>0</ride:wheel_speed_kmh><ride:engine_rpm>1179</ride:engine_rpm><ride:gear>1</ride:gear></extensions></trkpt>
   <trkpt lat="-34.498607642" lon="-58.483711370"><time>2026-09-28T03:05:43.000Z</time><extensions><ride:wheel_speed_kmh>0</ride:wheel_speed_kmh><ride:engine_rpm>1179</ride:engine_rpm><ride:gear>1</ride:gear></extensions></trkpt>
   <trkpt lat="-34.498607642" lon="-58.483711370"><time>2026-09-28T03:05:44.000Z</time><extensions><ride:wheel_speed_kmh>0</ride:wheel_speed_kmh><ride:engine_rpm>1179</ride:engine_rpm><ride:gear>1</ride:gear></extensions></trkpt>
   <trkpt lat="-34.498607642" lon="-58.483711370"><time>2026-09-28T03:05:45.000Z</time><extensions><ride:wheel_speed_kmh>0</ride:wheel_speed_kmh><ride:engine_rpm>1121</ride:engine_rpm><ride:gear>1</ride:gear></extensions></trkpt>
   <trkpt lat="-34.498622859" lon="-58.483739684"><time>2026-09-28T03:05:46.000Z</time><extensions><ride:wheel_speed_kmh>7</ride:wheel_speed_kmh><ride:engine_rpm>1527</ride:engine_rpm><ride:gear>1</ride:gear></extensions></trkpt>
   <trkpt lat="-34.498648777" lon="-58.483792572"><time>2026-09-28T03:05:47.000Z</time><extensions><ride:wheel_speed_kmh>17</ride:wheel_speed_kmh><ride:engine_rpm>2123</ride:engine_rpm><ride:gear>1</ride:gear></extensions></trkpt>
   <trkpt lat="-34.498675109" lon="-58.483853345"><time>2026-09-28T03:05:48.000Z</time><extensions><ride:wheel_speed_kmh>20</ride:wheel_speed_kmh><ride:engine_rpm>2127</ride:engine_rpm><ride:gear>1</ride:gear></extensions></trkpt>
   <trkpt lat="-34.498697749" lon="-58.483914692"><time>2026-09-28T03:05:49.000Z</time><extensions><ride:wheel_speed_kmh>20</ride:wheel_speed_kmh><ride:engine_rpm>1248</ride:engine_rpm><ride:gear>1</ride:gear></extensions></trkpt>
   <trkpt lat="-34.498714677" lon="-58.483967902"><time>2026-09-28T03:05:50.000Z</time><extensions><ride:wheel_speed_kmh>17</ride:wheel_speed_kmh><ride:engine_rpm>1294</ride:engine_rpm><ride:gear>1</ride:gear></extensions></trkpt>
   <trkpt lat="-34.498726341" lon="-58.484009449"><time>2026-09-28T03:05:51.000Z</time><extensions><ride:wheel_speed_kmh>13</ride:wheel_speed_kmh><ride:engine_rpm>1294</ride:engine_rpm><ride:gear>1</ride:gear></extensions></trkpt>
   <trkpt lat="-34.498735757" lon="-58.484047600"><time>2026-09-28T03:05:52.000Z</time><extensions><ride:wheel_speed_kmh>12</ride:wheel_speed_kmh><ride:engine_rpm>1294</ride:engine_rpm><ride:gear>1</ride:gear></extensions></trkpt>
   <trkpt lat="-34.498742098" lon="-58.484079422"><time>2026-09-28T03:05:53.000Z</time><extensions><ride:wheel_speed_kmh>10</ride:wheel_speed_kmh><ride:engine_rpm>1166</ride:engine_rpm><ride:gear>1</ride:gear></extensions></trkpt>
   <trkpt lat="-34.498748841" lon="-58.484119464"><time>2026-09-28T03:05:54.000Z</time><extensions><ride:wheel_speed_kmh>13</ride:wheel_speed_kmh><ride:engine_rpm>1423</ride:engine_rpm><ride:gear>1</ride:gear></extensions></trkpt>
   <trkpt lat="-34.498751968" lon="-58.484156271"><time>2026-09-28T03:05:55.000Z</time><extensions><ride:wheel_speed_kmh>12</ride:wheel_speed_kmh><ride:engine_rpm>1198</ride:engine_rpm><ride:gear>1</ride:gear></extensions></trkpt>
   <trkpt lat="-34.498751828" lon="-58.484186667"><time>2026-09-28T03:05:56.000Z</time><extensions><ride:wheel_speed_kmh>10</ride:wheel_speed_kmh><ride:engine_rpm>1212</ride:engine_rpm><ride:gear>1</ride:gear></extensions></trkpt>
   <trkpt lat="-34.498758801" lon="-58.484221876"><time>2026-09-28T03:05:57.000Z</time><extensions><ride:wheel_speed_kmh>12</ride:wheel_speed_kmh><ride:engine_rpm>1379</ride:engine_rpm><ride:gear>1</ride:gear></extensions></trkpt>
   <trkpt lat="-34.498722564" lon="-58.484233452"><time>2026-09-28T03:05:58.000Z</time><extensions><ride:wheel_speed_kmh>15</ride:wheel_speed_kmh><ride:engine_rpm>1733</ride:engine_rpm><ride:gear>1</ride:gear></extensions></trkpt>
   <trkpt lat="-34.498736761" lon="-58.484188195"><time>2026-09-28T03:05:59.000Z</time><extensions><ride:wheel_speed_kmh>16</ride:wheel_speed_kmh><ride:engine_rpm>1297</ride:engine_rpm><ride:gear>1</ride:gear></extensions></trkpt>
   <trkpt lat="-34.498722036" lon="-58.484226524"><time>2026-09-28T03:06:00.000Z</time><extensions><ride:wheel_speed_kmh>14</ride:wheel_speed_kmh><ride:engine_rpm>1293</ride:engine_rpm><ride:gear>1</ride:gear></extensions></trkpt>
   <trkpt lat="-34.498691199" lon="-58.484238602"><time>2026-09-28T03:06:01.000Z</time><extensions><ride:wheel_speed_kmh>13</ride:wheel_speed_kmh><ride:engine_rpm>1293</ride:engine_rpm><ride:gear>1</ride:gear></extensions></trkpt>
   <trkpt lat="-34.498684478" lon="-58.484209407"><time>2026-09-28T03:06:02.000Z</time><extensions><ride:wheel_speed_kmh>10</ride:wheel_speed_kmh><ride:engine_rpm>1273</ride:engine_rpm><ride:gear>1</ride:gear></extensions></trkpt>
   <trkpt lat="-34.498667272" lon="-58.484221744"><time>2026-09-28T03:06:03.000Z</time><extensions><ride:wheel_speed_kmh>8</ride:wheel_speed_kmh><ride:engine_rpm>1193</ride:engine_rpm><ride:gear>1</ride:gear></extensions></trkpt>
   <trkpt lat="-34.498654744" lon="-58.484221266"><time>2026-09-28T03:06:04.000Z</time><extensions><ride:wheel_speed_kmh>5</ride:wheel_speed_kmh><ride:engine_rpm>1193</ride:engine_rpm><ride:gear>1</ride:gear></extensions></trkpt>
   <trkpt lat="-34.498654744" lon="-58.484221266"><time>2026-09-28T03:06:05.000Z</time><extensions><ride:wheel_speed_kmh>0</ride:wheel_speed_kmh><ride:engine_rpm>1193</ride:engine_rpm><ride:gear>1</ride:gear></extensions></trkpt>
   <trkpt lat="-34.498654744" lon="-58.484221266"><time>2026-09-28T03:06:06.000Z</time><extensions><ride:wheel_speed_kmh>0</ride:wheel_speed_kmh><ride:engine_rpm>1193</ride:engine_rpm><ride:gear>1</ride:gear></extensions></trkpt>
   <trkpt lat="-34.498654744" lon="-58.484221266"><time>2026-09-28T03:06:07.000Z</time><extensions><ride:wheel_speed_kmh>0</ride:wheel_speed_kmh><ride:engine_rpm>1193</ride:engine_rpm><ride:gear>1</ride:gear></extensions></trkpt>
   <trkpt lat="-34.498654744" lon="-58.484221266"><time>2026-09-28T03:06:08.000Z</time><extensions><ride:wheel_speed_kmh>0</ride:wheel_speed_kmh><ride:engine_rpm>1193</ride:engine_rpm><ride:gear>1</ride:gear></extensions></trkpt>
   <trkpt lat="-34.498654744" lon="-58.484221266"><time>2026-09-28T03:06:09.000Z</time><extensions><ride:wheel_speed_kmh>0</ride:wheel_speed_kmh><ride:engine_rpm>1191</ride:engine_rpm><ride:gear>N</ride:gear></extensions></trkpt>
   <trkpt lat="-34.498654744" lon="-58.484221266"><time>2026-09-28T03:06:10.000Z</time><extensions><ride:wheel_speed_kmh>0</ride:wheel_speed_kmh><ride:engine_rpm>1184</ride:engine_rpm><ride:gear>N</ride:gear></extensions></trkpt>
   <trkpt lat="-34.498654744" lon="-58.484221266"><time>2026-09-28T03:06:11.000Z</time><extensions><ride:wheel_speed_kmh>0</ride:wheel_speed_kmh><ride:engine_rpm>1184</ride:engine_rpm><ride:gear>N</ride:gear></extensions></trkpt>
   <trkpt lat="-34.498654744" lon="-58.484221266"><time>2026-09-28T03:06:12.000Z</time><extensions><ride:wheel_speed_kmh>0</ride:wheel_speed_kmh><ride:engine_rpm>1184</ride:engine_rpm><ride:gear>N</ride:gear></extensions></trkpt>
   <trkpt lat="-34.498654744" lon="-58.484221266"><time>2026-09-28T03:06:13.000Z</time><extensions><ride:wheel_speed_kmh>0</ride:wheel_speed_kmh><ride:engine_rpm>1184</ride:engine_rpm><ride:gear>N</ride:gear></extensions></trkpt>
   <trkpt lat="-34.498654744" lon="-58.484221266"><time>2026-09-28T03:06:14.000Z</time><extensions><ride:wheel_speed_kmh>0</ride:wheel_speed_kmh><ride:engine_rpm>1184</ride:engine_rpm><ride:gear>N</ride:gear></extensions></trkpt>
   <trkpt lat="-34.498654744" lon="-58.484221266"><time>2026-09-28T03:06:15.000Z</time><extensions><ride:wheel_speed_kmh>0</ride:wheel_speed_kmh><ride:engine_rpm>1184</ride:engine_rpm><ride:gear>N</ride:gear></extensions></trkpt>
   <trkpt lat="-34.498654744" lon="-58.484221266"><time>2026-09-28T03:06:16.000Z</time><extensions><ride:wheel_speed_kmh>0</ride:wheel_speed_kmh><ride:engine_rpm>1184</ride:engine_rpm><ride:gear>N</ride:gear></extensions></trkpt>
   <trkpt lat="-34.498654744" lon="-58.484221266"><time>2026-09-28T03:06:17.000Z</time><extensions><ride:wheel_speed_kmh>0</ride:wheel_speed_kmh><ride:engine_rpm>1184</ride:engine_rpm><ride:gear>N</ride:gear></extensions></trkpt>
  </trkseg>
  <trkseg>
   <trkpt lat="-34.498306000" lon="-58.484074000"><time>2026-09-28T03:06:23.000Z</time><extensions><ride:wheel_speed_kmh>0</ride:wheel_speed_kmh><ride:engine_rpm>1184</ride:engine_rpm><ride:gear>N</ride:gear></extensions></trkpt>
   <trkpt lat="-34.498306000" lon="-58.484074000"><time>2026-09-28T03:06:24.000Z</time><extensions><ride:wheel_speed_kmh>0</ride:wheel_speed_kmh><ride:engine_rpm>1184</ride:engine_rpm><ride:gear>N</ride:gear></extensions></trkpt>
   <trkpt lat="-34.498306000" lon="-58.484074000"><time>2026-09-28T03:06:25.000Z</time><extensions><ride:wheel_speed_kmh>0</ride:wheel_speed_kmh><ride:engine_rpm>1184</ride:engine_rpm><ride:gear>N</ride:gear></extensions></trkpt>
   <trkpt lat="-34.498306000" lon="-58.484074000"><time>2026-09-28T03:06:26.000Z</time><extensions><ride:wheel_speed_kmh>0</ride:wheel_speed_kmh><ride:engine_rpm>0</ride:engine_rpm><ride:gear>N</ride:gear></extensions></trkpt>
   <trkpt lat="-34.498306000" lon="-58.484074000"><time>2026-09-28T03:06:27.000Z</time><extensions><ride:wheel_speed_kmh>0</ride:wheel_speed_kmh><ride:engine_rpm>0</ride:engine_rpm><ride:gear>N</ride:gear></extensions></trkpt>
   <trkpt lat="-34.498306000" lon="-58.484074000"><time>2026-09-28T03:06:28.000Z</time><extensions><ride:wheel_speed_kmh>0</ride:wheel_speed_kmh><ride:engine_rpm>0</ride:engine_rpm><ride:gear>N</ride:gear></extensions></trkpt>
   <trkpt lat="-34.498306000" lon="-58.484074000"><time>2026-09-28T03:06:29.000Z</time><extensions><ride:wheel_speed_kmh>0</ride:wheel_speed_kmh><ride:engine_rpm>0</ride:engine_rpm><ride:gear>N</ride:gear></extensions></trkpt>
   <trkpt lat="-34.498306000" lon="-58.484074000"><time>2026-09-28T03:06:30.000Z</time><extensions><ride:wheel_speed_kmh>0</ride:wheel_speed_kmh><ride:engine_rpm>0</ride:engine_rpm><ride:gear>N</ride:gear></extensions></trkpt>
   <trkpt lat="-34.498306000" lon="-58.484074000"><time>2026-09-28T03:06:31.000Z</time><extensions><ride:wheel_speed_kmh>0</ride:wheel_speed_kmh><ride:engine_rpm>0</ride:engine_rpm><ride:gear>N</ride:gear></extensions></trkpt>
   <trkpt lat="-34.498306000" lon="-58.484074000"><time>2026-09-28T03:06:32.000Z</time><extensions><ride:wheel_speed_kmh>0</ride:wheel_speed_kmh><ride:engine_rpm>0</ride:engine_rpm><ride:gear>N</ride:gear></extensions></trkpt>
   <trkpt lat="-34.498306000" lon="-58.484074000"><time>2026-09-28T03:06:33.000Z</time><extensions><ride:wheel_speed_kmh>0</ride:wheel_speed_kmh><ride:engine_rpm>0</ride:engine_rpm><ride:gear>N</ride:gear></extensions></trkpt>
   <trkpt lat="-34.498306000" lon="-58.484074000"><time>2026-09-28T03:06:34.000Z</time><extensions><ride:wheel_speed_kmh>0</ride:wheel_speed_kmh><ride:engine_rpm>0</ride:engine_rpm><ride:gear>N</ride:gear></extensions></trkpt>
   <trkpt lat="-34.498306000" lon="-58.484074000"><time>2026-09-28T03:06:35.000Z</time><extensions><ride:wheel_speed_kmh>0</ride:wheel_speed_kmh><ride:engine_rpm>0</ride:engine_rpm><ride:gear>N</ride:gear></extensions></trkpt>
   <trkpt lat="-34.498306000" lon="-58.484074000"><time>2026-09-28T03:06:36.000Z</time><extensions><ride:wheel_speed_kmh>0</ride:wheel_speed_kmh><ride:engine_rpm>0</ride:engine_rpm><ride:gear>N</ride:gear></extensions></trkpt>
   <trkpt lat="-34.498306000" lon="-58.484074000"><time>2026-09-28T03:06:37.000Z</time><extensions><ride:wheel_speed_kmh>0</ride:wheel_speed_kmh><ride:engine_rpm>0</ride:engine_rpm><ride:gear>N</ride:gear></extensions></trkpt>
   <trkpt lat="-34.498306000" lon="-58.484074000"><time>2026-09-28T03:06:38.000Z</time><extensions><ride:wheel_speed_kmh>0</ride:wheel_speed_kmh><ride:engine_rpm>0</ride:engine_rpm><ride:gear>N</ride:gear></extensions></trkpt>
   <trkpt lat="-34.498306000" lon="-58.484074000"><time>2026-09-28T03:06:39.000Z</time><extensions><ride:wheel_speed_kmh>0</ride:wheel_speed_kmh><ride:engine_rpm>0</ride:engine_rpm><ride:gear>N</ride:gear></extensions></trkpt>
   <trkpt lat="-34.498306000" lon="-58.484074000"><time>2026-09-28T03:06:40.000Z</time><extensions><ride:wheel_speed_kmh>0</ride:wheel_speed_kmh><ride:engine_rpm>0</ride:engine_rpm><ride:gear>N</ride:gear></extensions></trkpt>
   <trkpt lat="-34.498306000" lon="-58.484074000"><time>2026-09-28T03:06:41.000Z</time><extensions><ride:wheel_speed_kmh>0</ride:wheel_speed_kmh><ride:engine_rpm>0</ride:engine_rpm><ride:gear>N</ride:gear></extensions></trkpt>
   <trkpt lat="-34.498306000" lon="-58.484074000"><time>2026-09-28T03:06:42.000Z</time><extensions><ride:wheel_speed_kmh>0</ride:wheel_speed_kmh><ride:engine_rpm>0</ride:engine_rpm><ride:gear>N</ride:gear></extensions></trkpt>
   <trkpt lat="-34.498306000" lon="-58.484074000"><time>2026-09-28T03:06:43.000Z</time><extensions><ride:wheel_speed_kmh>0</ride:wheel_speed_kmh><ride:engine_rpm>0</ride:engine_rpm><ride:gear>N</ride:gear></extensions></trkpt>
   <trkpt lat="-34.498306000" lon="-58.484074000"><time>2026-09-28T03:06:44.000Z</time><extensions><ride:wheel_speed_kmh>0</ride:wheel_speed_kmh><ride:engine_rpm>0</ride:engine_rpm><ride:gear>N</ride:gear></extensions></trkpt>
   <trkpt lat="-34.498306000" lon="-58.484074000"><time>2026-09-28T03:06:45.000Z</time><extensions><ride:wheel_speed_kmh>0</ride:wheel_speed_kmh><ride:engine_rpm>0</ride:engine_rpm><ride:gear>N</ride:gear></extensions></trkpt>
   <trkpt lat="-34.498306000" lon="-58.484074000"><time>2026-09-28T03:06:46.000Z</time><extensions><ride:wheel_speed_kmh>0</ride:wheel_speed_kmh><ride:engine_rpm>0</ride:engine_rpm><ride:gear>N</ride:gear></extensions></trkpt>
   <trkpt lat="-34.498306000" lon="-58.484074000"><time>2026-09-28T03:06:47.000Z</time><extensions><ride:wheel_speed_kmh>0</ride:wheel_speed_kmh><ride:engine_rpm>0</ride:engine_rpm><ride:gear>N</ride:gear></extensions></trkpt>
   <trkpt lat="-34.498306000" lon="-58.484074000"><time>2026-09-28T03:06:48.000Z</time><extensions><ride:wheel_speed_kmh>0</ride:wheel_speed_kmh><ride:engine_rpm>0</ride:engine_rpm><ride:gear>N</ride:gear></extensions></trkpt>
   <trkpt lat="-34.498306000" lon="-58.484074000"><time>2026-09-28T03:06:49.000Z</time><extensions><ride:wheel_speed_kmh>0</ride:wheel_speed_kmh><ride:engine_rpm>0</ride:engine_rpm><ride:gear>N</ride:gear></extensions></trkpt>
   <trkpt lat="-34.498306000" lon="-58.484074000"><time>2026-09-28T03:06:50.000Z</time><extensions><ride:wheel_speed_kmh>0</ride:wheel_speed_kmh><ride:engine_rpm>0</ride:engine_rpm><ride:gear>N</ride:gear></extensions></trkpt>
   <trkpt lat="-34.498306000" lon="-58.484074000"><time>2026-09-28T03:06:51.000Z</time><extensions><ride:wheel_speed_kmh>0</ride:wheel_speed_kmh><ride:engine_rpm>0</ride:engine_rpm><ride:gear>N</ride:gear></extensions></trkpt>
   <trkpt lat="-34.498306000" lon="-58.484074000"><time>2026-09-28T03:06:52.000Z</time><extensions><ride:wheel_speed_kmh>0</ride:wheel_speed_kmh><ride:engine_rpm>0</ride:engine_rpm><ride:gear>N</ride:gear></extensions></trkpt>
   <trkpt lat="-34.498306000" lon="-58.484074000"><time>2026-09-28T03:06:53.000Z</time><extensions><ride:wheel_speed_kmh>0</ride:wheel_speed_kmh><ride:engine_rpm>0</ride:engine_rpm><ride:gear>N</ride:gear></extensions></trkpt>
   <trkpt lat="-34.498306000" lon="-58.484074000"><time>2026-09-28T03:06:54.000Z</time><extensions><ride:wheel_speed_kmh>0</ride:wheel_speed_kmh><ride:engine_rpm>0</ride:engine_rpm><ride:gear>N</ride:gear></extensions></trkpt>
   <trkpt lat="-34.498306000" lon="-58.484074000"><time>2026-09-28T03:06:55.000Z</time><extensions><ride:wheel_speed_kmh>0</ride:wheel_speed_kmh><ride:engine_rpm>0</ride:engine_rpm><ride:gear>N</ride:gear></extensions></trkpt>
   <trkpt lat="-34.498306000" lon="-58.484074000"><time>2026-09-28T03:06:56.000Z</time><extensions><ride:wheel_speed_kmh>0</ride:wheel_speed_kmh><ride:engine_rpm>0</ride:engine_rpm><ride:gear>N</ride:gear></extensions></trkpt>
   <trkpt lat="-34.498306000" lon="-58.484074000"><time>2026-09-28T03:06:57.000Z</time><extensions><ride:wheel_speed_kmh>0</ride:wheel_speed_kmh><ride:engine_rpm>0</ride:engine_rpm><ride:gear>N</ride:gear></extensions></trkpt>
   <trkpt lat="-34.498306000" lon="-58.484074000"><time>2026-09-28T03:06:58.000Z</time><extensions><ride:wheel_speed_kmh>0</ride:wheel_speed_kmh><ride:engine_rpm>0</ride:engine_rpm><ride:gear>N</ride:gear></extensions></trkpt>
   <trkpt lat="-34.498306000" lon="-58.484074000"><time>2026-09-28T03:06:59.000Z</time><extensions><ride:wheel_speed_kmh>0</ride:wheel_speed_kmh><ride:engine_rpm>0</ride:engine_rpm><ride:gear>N</ride:gear></extensions></trkpt>
   <trkpt lat="-34.498306000" lon="-58.484074000"><time>2026-09-28T03:07:00.000Z</time><extensions><ride:wheel_speed_kmh>0</ride:wheel_speed_kmh><ride:engine_rpm>0</ride:engine_rpm><ride:gear>N</ride:gear></extensions></trkpt>
   <trkpt lat="-34.498306000" lon="-58.484074000"><time>2026-09-28T03:07:01.000Z</time><extensions><ride:wheel_speed_kmh>0</ride:wheel_speed_kmh><ride:engine_rpm>0</ride:engine_rpm><ride:gear>N</ride:gear></extensions></trkpt>
   <trkpt lat="-34.498306000" lon="-58.484074000"><time>2026-09-28T03:07:02.000Z</time><extensions><ride:wheel_speed_kmh>0</ride:wheel_speed_kmh><ride:engine_rpm>0</ride:engine_rpm><ride:gear>N</ride:gear></extensions></trkpt>
   <trkpt lat="-34.498306000" lon="-58.484074000"><time>2026-09-28T03:07:03.000Z</time><extensions><ride:wheel_speed_kmh>0</ride:wheel_speed_kmh><ride:engine_rpm>0</ride:engine_rpm><ride:gear>N</ride:gear></extensions></trkpt>
   <trkpt lat="-34.498306000" lon="-58.484074000"><time>2026-09-28T03:07:04.000Z</time><extensions><ride:wheel_speed_kmh>0</ride:wheel_speed_kmh><ride:engine_rpm>0</ride:engine_rpm><ride:gear>N</ride:gear></extensions></trkpt>
   <trkpt lat="-34.498306000" lon="-58.484074000"><time>2026-09-28T03:07:05.000Z</time><extensions><ride:wheel_speed_kmh>0</ride:wheel_speed_kmh><ride:engine_rpm>0</ride:engine_rpm><ride:gear>N</ride:gear></extensions></trkpt>
   <trkpt lat="-34.498306000" lon="-58.484074000"><time>2026-09-28T03:07:06.000Z</time><extensions><ride:wheel_speed_kmh>0</ride:wheel_speed_kmh><ride:engine_rpm>0</ride:engine_rpm><ride:gear>N</ride:gear></extensions></trkpt>
   <trkpt lat="-34.498306000" lon="-58.484074000"><time>2026-09-28T03:07:07.000Z</time><extensions><ride:wheel_speed_kmh>0</ride:wheel_speed_kmh><ride:engine_rpm>0</ride:engine_rpm><ride:gear>N</ride:gear></extensions></trkpt>
   <trkpt lat="-34.498306000" lon="-58.484074000"><time>2026-09-28T03:07:08.000Z</time><extensions><ride:wheel_speed_kmh>0</ride:wheel_speed_kmh><ride:engine_rpm>0</ride:engine_rpm><ride:gear>N</ride:gear></extensions></trkpt>
   <trkpt lat="-34.498306000" lon="-58.484074000"><time>2026-09-28T03:07:09.000Z</time><extensions><ride:wheel_speed_kmh>0</ride:wheel_speed_kmh><ride:engine_rpm>0</ride:engine_rpm><ride:gear>N</ride:gear></extensions></trkpt>
   <trkpt lat="-34.498306000" lon="-58.484074000"><time>2026-09-28T03:07:10.000Z</time><extensions><ride:wheel_speed_kmh>0</ride:wheel_speed_kmh><ride:engine_rpm>0</ride:engine_rpm><ride:gear>N</ride:gear></extensions></trkpt>
   <trkpt lat="-34.498306000" lon="-58.484074000"><time>2026-09-28T03:07:11.000Z</time><extensions><ride:wheel_speed_kmh>0</ride:wheel_speed_kmh><ride:engine_rpm>0</ride:engine_rpm><ride:gear>N</ride:gear></extensions></trkpt>
   <trkpt lat="-34.498306000" lon="-58.484074000"><time>2026-09-28T03:07:12.000Z</time><extensions><ride:wheel_speed_kmh>0</ride:wheel_speed_kmh><ride:engine_rpm>0</ride:engine_rpm><ride:gear>N</ride:gear></extensions></trkpt>
   <trkpt lat="-34.498306000" lon="-58.484074000"><time>2026-09-28T03:07:13.000Z</time><extensions><ride:wheel_speed_kmh>0</ride:wheel_speed_kmh><ride:engine_rpm>0</ride:engine_rpm><ride:gear>N</ride:gear></extensions></trkpt>
   <trkpt lat="-34.498306000" lon="-58.484074000"><time>2026-09-28T03:07:14.000Z</time><extensions><ride:wheel_speed_kmh>0</ride:wheel_speed_kmh><ride:engine_rpm>0</ride:engine_rpm><ride:gear>N</ride:gear></extensions></trkpt>
   <trkpt lat="-34.498306000" lon="-58.484074000"><time>2026-09-28T03:07:15.000Z</time><extensions><ride:wheel_speed_kmh>0</ride:wheel_speed_kmh><ride:engine_rpm>0</ride:engine_rpm><ride:gear>N</ride:gear></extensions></trkpt>
   <trkpt lat="-34.498306000" lon="-58.484074000"><time>2026-09-28T03:07:16.000Z</time><extensions><ride:wheel_speed_kmh>0</ride:wheel_speed_kmh><ride:engine_rpm>0</ride:engine_rpm><ride:gear>N</ride:gear></extensions></trkpt>
   <trkpt lat="-34.498306000" lon="-58.484074000"><time>2026-09-28T03:07:17.000Z</time><extensions><ride:wheel_speed_kmh>0</ride:wheel_speed_kmh><ride:engine_rpm>0</ride:engine_rpm><ride:gear>N</ride:gear></extensions></trkpt>
   <trkpt lat="-34.498306000" lon="-58.484074000"><time>2026-09-28T03:07:18.000Z</time><extensions><ride:wheel_speed_kmh>0</ride:wheel_speed_kmh><ride:engine_rpm>0</ride:engine_rpm><ride:gear>N</ride:gear></extensions></trkpt>
   <trkpt lat="-34.498306000" lon="-58.484074000"><time>2026-09-28T03:07:19.000Z</time><extensions><ride:wheel_speed_kmh>0</ride:wheel_speed_kmh><ride:engine_rpm>0</ride:engine_rpm><ride:gear>N</ride:gear></extensions></trkpt>
   <trkpt lat="-34.498306000" lon="-58.484074000"><time>2026-09-28T03:07:20.000Z</time><extensions><ride:wheel_speed_kmh>0</ride:wheel_speed_kmh><ride:engine_rpm>0</ride:engine_rpm><ride:gear>N</ride:gear></extensions></trkpt>
   <trkpt lat="-34.498306000" lon="-58.484074000"><time>2026-09-28T03:07:21.000Z</time><extensions><ride:wheel_speed_kmh>0</ride:wheel_speed_kmh><ride:engine_rpm>0</ride:engine_rpm><ride:gear>N</ride:gear></extensions></trkpt>
   <trkpt lat="-34.498306000" lon="-58.484074000"><time>2026-09-28T03:07:22.000Z</time><extensions><ride:wheel_speed_kmh>0</ride:wheel_speed_kmh><ride:engine_rpm>0</ride:engine_rpm><ride:gear>N</ride:gear></extensions></trkpt>
   <trkpt lat="-34.498306000" lon="-58.484074000"><time>2026-09-28T03:07:23.000Z</time><extensions><ride:wheel_speed_kmh>0</ride:wheel_speed_kmh><ride:engine_rpm>0</ride:engine_rpm><ride:gear>N</ride:gear></extensions></trkpt>
   <trkpt lat="-34.498306000" lon="-58.484074000"><time>2026-09-28T03:07:24.000Z</time><extensions><ride:wheel_speed_kmh>0</ride:wheel_speed_kmh><ride:engine_rpm>0</ride:engine_rpm><ride:gear>N</ride:gear></extensions></trkpt>
   <trkpt lat="-34.498306000" lon="-58.484074000"><time>2026-09-28T03:07:25.000Z</time><extensions><ride:wheel_speed_kmh>0</ride:wheel_speed_kmh><ride:engine_rpm>0</ride:engine_rpm><ride:gear>N</ride:gear></extensions></trkpt>
   <trkpt lat="-34.498306000" lon="-58.484074000"><time>2026-09-28T03:07:26.000Z</time><extensions><ride:wheel_speed_kmh>0</ride:wheel_speed_kmh><ride:engine_rpm>0</ride:engine_rpm><ride:gear>N</ride:gear></extensions></trkpt>
   <trkpt lat="-34.498306000" lon="-58.484074000"><time>2026-09-28T03:07:27.000Z</time><extensions><ride:wheel_speed_kmh>0</ride:wheel_speed_kmh><ride:engine_rpm>0</ride:engine_rpm><ride:gear>N</ride:gear></extensions></trkpt>
   <trkpt lat="-34.498306000" lon="-58.484074000"><time>2026-09-28T03:07:28.000Z</time><extensions><ride:wheel_speed_kmh>0</ride:wheel_speed_kmh><ride:engine_rpm>0</ride:engine_rpm><ride:gear>N</ride:gear></extensions></trkpt>
   <trkpt lat="-34.498306000" lon="-58.484074000"><time>2026-09-28T03:07:29.000Z</time><extensions><ride:wheel_speed_kmh>0</ride:wheel_speed_kmh><ride:engine_rpm>0</ride:engine_rpm><ride:gear>N</ride:gear></extensions></trkpt>
   <trkpt lat="-34.498306000" lon="-58.484074000"><time>2026-09-28T03:07:30.000Z</time><extensions><ride:wheel_speed_kmh>0</ride:wheel_speed_kmh><ride:engine_rpm>0</ride:engine_rpm><ride:gear>N</ride:gear></extensions></trkpt>
   <trkpt lat="-34.498306000" lon="-58.484074000"><time>2026-09-28T03:07:31.000Z</time><extensions><ride:wheel_speed_kmh>0</ride:wheel_speed_kmh><ride:engine_rpm>0</ride:engine_rpm><ride:gear>N</ride:gear></extensions></trkpt>
   <trkpt lat="-34.498306000" lon="-58.484074000"><time>2026-09-28T03:07:32.000Z</time><extensions><ride:wheel_speed_kmh>0</ride:wheel_speed_kmh><ride:engine_rpm>0</ride:engine_rpm><ride:gear>N</ride:gear></extensions></trkpt>
   <trkpt lat="-34.498306000" lon="-58.484074000"><time>2026-09-28T03:07:33.000Z</time><extensions><ride:wheel_speed_kmh>0</ride:wheel_speed_kmh><ride:engine_rpm>0</ride:engine_rpm><ride:gear>N</ride:gear></extensions></trkpt>
   <trkpt lat="-34.498306000" lon="-58.484074000"><time>2026-09-28T03:07:34.000Z</time><extensions><ride:wheel_speed_kmh>0</ride:wheel_speed_kmh><ride:engine_rpm>0</ride:engine_rpm><ride:gear>N</ride:gear></extensions></trkpt>
   <trkpt lat="-34.498306000" lon="-58.484074000"><time>2026-09-28T03:07:35.000Z</time><extensions><ride:wheel_speed_kmh>0</ride:wheel_speed_kmh><ride:engine_rpm>0</ride:engine_rpm><ride:gear>N</ride:gear></extensions></trkpt>
   <trkpt lat="-34.498306000" lon="-58.484074000"><time>2026-09-28T03:07:36.000Z</time><extensions><ride:wheel_speed_kmh>0</ride:wheel_speed_kmh><ride:engine_rpm>0</ride:engine_rpm><ride:gear>N</ride:gear></extensions></trkpt>
   <trkpt lat="-34.498306000" lon="-58.484074000"><time>2026-09-28T03:07:37.000Z</time><extensions><ride:wheel_speed_kmh>0</ride:wheel_speed_kmh><ride:engine_rpm>0</ride:engine_rpm><ride:gear>N</ride:gear></extensions></trkpt>
   <trkpt lat="-34.498306000" lon="-58.484074000"><time>2026-09-28T03:07:38.000Z</time><extensions><ride:wheel_speed_kmh>0</ride:wheel_speed_kmh><ride:engine_rpm>0</ride:engine_rpm><ride:gear>N</ride:gear></extensions></trkpt>
   <trkpt lat="-34.498306000" lon="-58.484074000"><time>2026-09-28T03:07:39.000Z</time><extensions><ride:wheel_speed_kmh>0</ride:wheel_speed_kmh><ride:engine_rpm>0</ride:engine_rpm><ride:gear>N</ride:gear></extensions></trkpt>
   <trkpt lat="-34.498306000" lon="-58.484074000"><time>2026-09-28T03:07:40.000Z</time><extensions><ride:wheel_speed_kmh>0</ride:wheel_speed_kmh><ride:engine_rpm>0</ride:engine_rpm><ride:gear>N</ride:gear></extensions></trkpt>
   <trkpt lat="-34.498306000" lon="-58.484074000"><time>2026-09-28T03:07:41.000Z</time><extensions><ride:wheel_speed_kmh>0</ride:wheel_speed_kmh><ride:engine_rpm>0</ride:engine_rpm><ride:gear>N</ride:gear></extensions></trkpt>
   <trkpt lat="-34.498306000" lon="-58.484074000"><time>2026-09-28T03:07:42.000Z</time><extensions><ride:wheel_speed_kmh>0</ride:wheel_speed_kmh><ride:engine_rpm>0</ride:engine_rpm><ride:gear>N</ride:gear></extensions></trkpt>
   <trkpt lat="-34.498306000" lon="-58.484074000"><time>2026-09-28T03:07:43.000Z</time><extensions><ride:wheel_speed_kmh>0</ride:wheel_speed_kmh><ride:engine_rpm>0</ride:engine_rpm><ride:gear>N</ride:gear></extensions></trkpt>
   <trkpt lat="-34.498306000" lon="-58.484074000"><time>2026-09-28T03:07:44.000Z</time><extensions><ride:wheel_speed_kmh>0</ride:wheel_speed_kmh><ride:engine_rpm>0</ride:engine_rpm><ride:gear>N</ride:gear></extensions></trkpt>
   <trkpt lat="-34.498306000" lon="-58.484074000"><time>2026-09-28T03:07:45.000Z</time><extensions><ride:wheel_speed_kmh>0</ride:wheel_speed_kmh><ride:engine_rpm>0</ride:engine_rpm><ride:gear>N</ride:gear></extensions></trkpt>
   <trkpt lat="-34.498306000" lon="-58.484074000"><time>2026-09-28T03:07:46.000Z</time><extensions><ride:wheel_speed_kmh>0</ride:wheel_speed_kmh><ride:engine_rpm>0</ride:engine_rpm><ride:gear>N</ride:gear></extensions></trkpt>
   <trkpt lat="-34.498306000" lon="-58.484074000"><time>2026-09-28T03:07:47.000Z</time><extensions><ride:wheel_speed_kmh>0</ride:wheel_speed_kmh><ride:engine_rpm>0</ride:engine_rpm><ride:gear>N</ride:gear></extensions></trkpt>
   <trkpt lat="-34.498306000" lon="-58.484074000"><time>2026-09-28T03:07:48.000Z</time><extensions><ride:wheel_speed_kmh>0</ride:wheel_speed_kmh><ride:engine_rpm>0</ride:engine_rpm><ride:gear>N</ride:gear></extensions></trkpt>
   <trkpt lat="-34.498306000" lon="-58.484074000"><time>2026-09-28T03:07:49.000Z</time><extensions><ride:wheel_speed_kmh>0</ride:wheel_speed_kmh><ride:engine_rpm>0</ride:engine_rpm><ride:gear>N</ride:gear></extensions></trkpt>
  </trkseg>
 </trk>
</gpx>
